"origin_date","location","target","horizon","target_end_date","output_type","output_type_id","value"
2017-12-23,"HHS Region 1","ili perc",1,2017-12-30,"quantile",0.01,0.235939999982462
2017-12-23,"HHS Region 1","ili perc",1,2017-12-30,"quantile",0.025,0.370330377325722
2017-12-23,"HHS Region 1","ili perc",1,2017-12-30,"quantile",0.05,0.515170028708197
2017-12-23,"HHS Region 1","ili perc",1,2017-12-30,"quantile",0.1,0.708574686776029
2017-12-23,"HHS Region 1","ili perc",1,2017-12-30,"quantile",0.15,0.853728119360272
2017-12-23,"HHS Region 1","ili perc",1,2017-12-30,"quantile",0.2,0.980254381741622
2017-12-23,"HHS Region 1","ili perc",1,2017-12-30,"quantile",0.25,1.09626753405134
2017-12-23,"HHS Region 1","ili perc",1,2017-12-30,"quantile",0.3,1.20680812902205
2017-12-23,"HHS Region 1","ili perc",1,2017-12-30,"quantile",0.35,1.31601903752679
2017-12-23,"HHS Region 1","ili perc",1,2017-12-30,"quantile",0.4,1.42723188100286
2017-12-23,"HHS Region 1","ili perc",1,2017-12-30,"quantile",0.45,1.54411621810943
2017-12-23,"HHS Region 1","ili perc",1,2017-12-30,"quantile",0.5,1.67145506069001
2017-12-23,"HHS Region 1","ili perc",1,2017-12-30,"quantile",0.55,1.81816102755984
2017-12-23,"HHS Region 1","ili perc",1,2017-12-30,"quantile",0.6,2.00167202686283
2017-12-23,"HHS Region 1","ili perc",1,2017-12-30,"quantile",0.65,2.27413619830466
2017-12-23,"HHS Region 1","ili perc",1,2017-12-30,"quantile",0.7,2.64688113688609
2017-12-23,"HHS Region 1","ili perc",1,2017-12-30,"quantile",0.75,2.90306259724025
2017-12-23,"HHS Region 1","ili perc",1,2017-12-30,"quantile",0.8,3.09042083634198
2017-12-23,"HHS Region 1","ili perc",1,2017-12-30,"quantile",0.85,3.27127708200649
2017-12-23,"HHS Region 1","ili perc",1,2017-12-30,"quantile",0.9,3.49614640016977
2017-12-23,"HHS Region 1","ili perc",1,2017-12-30,"quantile",0.95,4.43487648739419
2017-12-23,"HHS Region 1","ili perc",1,2017-12-30,"quantile",0.975,4.9084273654755
2017-12-23,"HHS Region 1","ili perc",1,2017-12-30,"quantile",0.99,5.27589965949846
2017-12-23,"HHS Region 10","ili perc",1,2017-12-30,"quantile",0.01,0.256378577914566
2017-12-23,"HHS Region 10","ili perc",1,2017-12-30,"quantile",0.025,0.436626776270328
2017-12-23,"HHS Region 10","ili perc",1,2017-12-30,"quantile",0.05,0.644055693954167
2017-12-23,"HHS Region 10","ili perc",1,2017-12-30,"quantile",0.1,0.931429632312689
2017-12-23,"HHS Region 10","ili perc",1,2017-12-30,"quantile",0.15,1.15151862757565
2017-12-23,"HHS Region 10","ili perc",1,2017-12-30,"quantile",0.2,1.34346333647213
2017-12-23,"HHS Region 10","ili perc",1,2017-12-30,"quantile",0.25,1.52245863114781
2017-12-23,"HHS Region 10","ili perc",1,2017-12-30,"quantile",0.3,1.69661630336677
2017-12-23,"HHS Region 10","ili perc",1,2017-12-30,"quantile",0.35,1.87152235361578
2017-12-23,"HHS Region 10","ili perc",1,2017-12-30,"quantile",0.4,2.05064076981227
2017-12-23,"HHS Region 10","ili perc",1,2017-12-30,"quantile",0.45,2.23582362139789
2017-12-23,"HHS Region 10","ili perc",1,2017-12-30,"quantile",0.5,2.42758616401421
2017-12-23,"HHS Region 10","ili perc",1,2017-12-30,"quantile",0.55,2.62550409077717
2017-12-23,"HHS Region 10","ili perc",1,2017-12-30,"quantile",0.6,2.82950718648612
2017-12-23,"HHS Region 10","ili perc",1,2017-12-30,"quantile",0.65,3.04130588130393
2017-12-23,"HHS Region 10","ili perc",1,2017-12-30,"quantile",0.7,3.26521792910011
2017-12-23,"HHS Region 10","ili perc",1,2017-12-30,"quantile",0.75,3.50890773266483
2017-12-23,"HHS Region 10","ili perc",1,2017-12-30,"quantile",0.8,3.7864650528419
2017-12-23,"HHS Region 10","ili perc",1,2017-12-30,"quantile",0.85,4.12335477164377
2017-12-23,"HHS Region 10","ili perc",1,2017-12-30,"quantile",0.9,4.59046267692025
2017-12-23,"HHS Region 10","ili perc",1,2017-12-30,"quantile",0.95,5.59545033889327
2017-12-23,"HHS Region 10","ili perc",1,2017-12-30,"quantile",0.975,6.34024153283719
2017-12-23,"HHS Region 10","ili perc",1,2017-12-30,"quantile",0.99,6.89577282527919
2017-12-23,"HHS Region 2","ili perc",1,2017-12-30,"quantile",0.01,0.94951848100469
2017-12-23,"HHS Region 2","ili perc",1,2017-12-30,"quantile",0.025,1.1498131028349
2017-12-23,"HHS Region 2","ili perc",1,2017-12-30,"quantile",0.05,1.33259750390129
2017-12-23,"HHS Region 2","ili perc",1,2017-12-30,"quantile",0.1,1.55128263728096
2017-12-23,"HHS Region 2","ili perc",1,2017-12-30,"quantile",0.15,1.70505194383473
2017-12-23,"HHS Region 2","ili perc",1,2017-12-30,"quantile",0.2,1.82865220114261
2017-12-23,"HHS Region 2","ili perc",1,2017-12-30,"quantile",0.25,1.93989899607059
2017-12-23,"HHS Region 2","ili perc",1,2017-12-30,"quantile",0.3,2.04550533944647
2017-12-23,"HHS Region 2","ili perc",1,2017-12-30,"quantile",0.35,2.15078700607327
2017-12-23,"HHS Region 2","ili perc",1,2017-12-30,"quantile",0.4,2.26113419588227
2017-12-23,"HHS Region 2","ili perc",1,2017-12-30,"quantile",0.45,2.38357946752409
2017-12-23,"HHS Region 2","ili perc",1,2017-12-30,"quantile",0.5,2.53456556697585
2017-12-23,"HHS Region 2","ili perc",1,2017-12-30,"quantile",0.55,2.74490268447402
2017-12-23,"HHS Region 2","ili perc",1,2017-12-30,"quantile",0.6,3.02910426225376
2017-12-23,"HHS Region 2","ili perc",1,2017-12-30,"quantile",0.65,3.27401285462785
2017-12-23,"HHS Region 2","ili perc",1,2017-12-30,"quantile",0.7,3.48589532262421
2017-12-23,"HHS Region 2","ili perc",1,2017-12-30,"quantile",0.75,3.72748631935515
2017-12-23,"HHS Region 2","ili perc",1,2017-12-30,"quantile",0.8,4.08886581680245
2017-12-23,"HHS Region 2","ili perc",1,2017-12-30,"quantile",0.85,4.47357113386182
2017-12-23,"HHS Region 2","ili perc",1,2017-12-30,"quantile",0.9,4.82764333154966
2017-12-23,"HHS Region 2","ili perc",1,2017-12-30,"quantile",0.95,5.23038848756384
2017-12-23,"HHS Region 2","ili perc",1,2017-12-30,"quantile",0.975,5.50322860299945
2017-12-23,"HHS Region 2","ili perc",1,2017-12-30,"quantile",0.99,5.82232197617033
2017-12-23,"HHS Region 3","ili perc",1,2017-12-30,"quantile",0.01,0.751468055334407
2017-12-23,"HHS Region 3","ili perc",1,2017-12-30,"quantile",0.025,1.02037390901321
2017-12-23,"HHS Region 3","ili perc",1,2017-12-30,"quantile",0.05,1.28066255374244
2017-12-23,"HHS Region 3","ili perc",1,2017-12-30,"quantile",0.1,1.63072009920894
2017-12-23,"HHS Region 3","ili perc",1,2017-12-30,"quantile",0.15,1.9050647039678
2017-12-23,"HHS Region 3","ili perc",1,2017-12-30,"quantile",0.2,2.13731355230125
2017-12-23,"HHS Region 3","ili perc",1,2017-12-30,"quantile",0.25,2.33862180109589
2017-12-23,"HHS Region 3","ili perc",1,2017-12-30,"quantile",0.3,2.51668599549526
2017-12-23,"HHS Region 3","ili perc",1,2017-12-30,"quantile",0.35,2.67843238382215
2017-12-23,"HHS Region 3","ili perc",1,2017-12-30,"quantile",0.4,2.83065682520462
2017-12-23,"HHS Region 3","ili perc",1,2017-12-30,"quantile",0.45,2.97819626624117
2017-12-23,"HHS Region 3","ili perc",1,2017-12-30,"quantile",0.5,3.12514855102237
2017-12-23,"HHS Region 3","ili perc",1,2017-12-30,"quantile",0.55,3.27532468813401
2017-12-23,"HHS Region 3","ili perc",1,2017-12-30,"quantile",0.6,3.43369075968888
2017-12-23,"HHS Region 3","ili perc",1,2017-12-30,"quantile",0.65,3.60651720529638
2017-12-23,"HHS Region 3","ili perc",1,2017-12-30,"quantile",0.7,3.80850978524659
2017-12-23,"HHS Region 3","ili perc",1,2017-12-30,"quantile",0.75,4.06833246752681
2017-12-23,"HHS Region 3","ili perc",1,2017-12-30,"quantile",0.8,4.41945944424786
2017-12-23,"HHS Region 3","ili perc",1,2017-12-30,"quantile",0.85,4.79998114324567
2017-12-23,"HHS Region 3","ili perc",1,2017-12-30,"quantile",0.9,5.19282217008783
2017-12-23,"HHS Region 3","ili perc",1,2017-12-30,"quantile",0.95,7.90001650994451
2017-12-23,"HHS Region 3","ili perc",1,2017-12-30,"quantile",0.975,8.63757531373917
2017-12-23,"HHS Region 3","ili perc",1,2017-12-30,"quantile",0.99,9.05841205947761
2017-12-23,"HHS Region 4","ili perc",1,2017-12-30,"quantile",0.01,0.56283002075462
2017-12-23,"HHS Region 4","ili perc",1,2017-12-30,"quantile",0.025,0.745126196243128
2017-12-23,"HHS Region 4","ili perc",1,2017-12-30,"quantile",0.05,0.91381078435729
2017-12-23,"HHS Region 4","ili perc",1,2017-12-30,"quantile",0.1,1.11851087591757
2017-12-23,"HHS Region 4","ili perc",1,2017-12-30,"quantile",0.15,1.26676472721799
2017-12-23,"HHS Region 4","ili perc",1,2017-12-30,"quantile",0.2,1.39397412545586
2017-12-23,"HHS Region 4","ili perc",1,2017-12-30,"quantile",0.25,1.51045020700931
2017-12-23,"HHS Region 4","ili perc",1,2017-12-30,"quantile",0.3,1.62429544330804
2017-12-23,"HHS Region 4","ili perc",1,2017-12-30,"quantile",0.35,1.74128155829171
2017-12-23,"HHS Region 4","ili perc",1,2017-12-30,"quantile",0.4,1.86736596837805
2017-12-23,"HHS Region 4","ili perc",1,2017-12-30,"quantile",0.45,2.01112302131947
2017-12-23,"HHS Region 4","ili perc",1,2017-12-30,"quantile",0.5,2.18764131443545
2017-12-23,"HHS Region 4","ili perc",1,2017-12-30,"quantile",0.55,2.40698094784051
2017-12-23,"HHS Region 4","ili perc",1,2017-12-30,"quantile",0.6,2.65002689028816
2017-12-23,"HHS Region 4","ili perc",1,2017-12-30,"quantile",0.65,2.88430171433605
2017-12-23,"HHS Region 4","ili perc",1,2017-12-30,"quantile",0.7,3.10517587893722
2017-12-23,"HHS Region 4","ili perc",1,2017-12-30,"quantile",0.75,3.32391081230298
2017-12-23,"HHS Region 4","ili perc",1,2017-12-30,"quantile",0.8,3.56173533223568
2017-12-23,"HHS Region 4","ili perc",1,2017-12-30,"quantile",0.85,3.86001790690687
2017-12-23,"HHS Region 4","ili perc",1,2017-12-30,"quantile",0.9,4.29458479452591
2017-12-23,"HHS Region 4","ili perc",1,2017-12-30,"quantile",0.95,4.91205164907092
2017-12-23,"HHS Region 4","ili perc",1,2017-12-30,"quantile",0.975,5.29433399242278
2017-12-23,"HHS Region 4","ili perc",1,2017-12-30,"quantile",0.99,5.66921258833473
2017-12-23,"HHS Region 5","ili perc",1,2017-12-30,"quantile",0.01,0.289799167926663
2017-12-23,"HHS Region 5","ili perc",1,2017-12-30,"quantile",0.025,0.483363737061204
2017-12-23,"HHS Region 5","ili perc",1,2017-12-30,"quantile",0.05,0.699608597750713
2017-12-23,"HHS Region 5","ili perc",1,2017-12-30,"quantile",0.1,0.989830748433381
2017-12-23,"HHS Region 5","ili perc",1,2017-12-30,"quantile",0.15,1.2082348125043
2017-12-23,"HHS Region 5","ili perc",1,2017-12-30,"quantile",0.2,1.39306563433746
2017-12-23,"HHS Region 5","ili perc",1,2017-12-30,"quantile",0.25,1.55828292322225
2017-12-23,"HHS Region 5","ili perc",1,2017-12-30,"quantile",0.3,1.71224951598541
2017-12-23,"HHS Region 5","ili perc",1,2017-12-30,"quantile",0.35,1.85801041995845
2017-12-23,"HHS Region 5","ili perc",1,2017-12-30,"quantile",0.4,1.99952320601245
2017-12-23,"HHS Region 5","ili perc",1,2017-12-30,"quantile",0.45,2.13868253105043
2017-12-23,"HHS Region 5","ili perc",1,2017-12-30,"quantile",0.5,2.27813163493011
2017-12-23,"HHS Region 5","ili perc",1,2017-12-30,"quantile",0.55,2.42029007546648
2017-12-23,"HHS Region 5","ili perc",1,2017-12-30,"quantile",0.6,2.56798982429792
2017-12-23,"HHS Region 5","ili perc",1,2017-12-30,"quantile",0.65,2.7246681528081
2017-12-23,"HHS Region 5","ili perc",1,2017-12-30,"quantile",0.7,2.89522448802688
2017-12-23,"HHS Region 5","ili perc",1,2017-12-30,"quantile",0.75,3.08932873731677
2017-12-23,"HHS Region 5","ili perc",1,2017-12-30,"quantile",0.8,3.32311093070111
2017-12-23,"HHS Region 5","ili perc",1,2017-12-30,"quantile",0.85,3.63223587585663
2017-12-23,"HHS Region 5","ili perc",1,2017-12-30,"quantile",0.9,4.08141038743825
2017-12-23,"HHS Region 5","ili perc",1,2017-12-30,"quantile",0.95,4.66707615958601
2017-12-23,"HHS Region 5","ili perc",1,2017-12-30,"quantile",0.975,5.0602738736463
2017-12-23,"HHS Region 5","ili perc",1,2017-12-30,"quantile",0.99,5.50886899644217
2017-12-23,"HHS Region 6","ili perc",1,2017-12-30,"quantile",0.01,0.474853659620285
2017-12-23,"HHS Region 6","ili perc",1,2017-12-30,"quantile",0.025,0.880862744057349
2017-12-23,"HHS Region 6","ili perc",1,2017-12-30,"quantile",0.05,1.35335713746133
2017-12-23,"HHS Region 6","ili perc",1,2017-12-30,"quantile",0.1,1.97956053084428
2017-12-23,"HHS Region 6","ili perc",1,2017-12-30,"quantile",0.15,2.41967921780022
2017-12-23,"HHS Region 6","ili perc",1,2017-12-30,"quantile",0.2,2.77113345202856
2017-12-23,"HHS Region 6","ili perc",1,2017-12-30,"quantile",0.25,3.07213730202176
2017-12-23,"HHS Region 6","ili perc",1,2017-12-30,"quantile",0.3,3.34320103244863
2017-12-23,"HHS Region 6","ili perc",1,2017-12-30,"quantile",0.35,3.59874857825028
2017-12-23,"HHS Region 6","ili perc",1,2017-12-30,"quantile",0.4,3.85027523988592
2017-12-23,"HHS Region 6","ili perc",1,2017-12-30,"quantile",0.45,4.10967481115827
2017-12-23,"HHS Region 6","ili perc",1,2017-12-30,"quantile",0.5,4.39236432637397
2017-12-23,"HHS Region 6","ili perc",1,2017-12-30,"quantile",0.55,4.72295790126816
2017-12-23,"HHS Region 6","ili perc",1,2017-12-30,"quantile",0.6,5.14842846112787
2017-12-23,"HHS Region 6","ili perc",1,2017-12-30,"quantile",0.65,5.77150348878822
2017-12-23,"HHS Region 6","ili perc",1,2017-12-30,"quantile",0.7,6.58255521051942
2017-12-23,"HHS Region 6","ili perc",1,2017-12-30,"quantile",0.75,7.18626271482573
2017-12-23,"HHS Region 6","ili perc",1,2017-12-30,"quantile",0.8,7.6540953234839
2017-12-23,"HHS Region 6","ili perc",1,2017-12-30,"quantile",0.85,8.10882058781994
2017-12-23,"HHS Region 6","ili perc",1,2017-12-30,"quantile",0.9,8.66754907335189
2017-12-23,"HHS Region 6","ili perc",1,2017-12-30,"quantile",0.95,9.70712743808833
2017-12-23,"HHS Region 6","ili perc",1,2017-12-30,"quantile",0.975,10.5647195726186
2017-12-23,"HHS Region 6","ili perc",1,2017-12-30,"quantile",0.99,11.2401898868214
2017-12-23,"HHS Region 7","ili perc",1,2017-12-30,"quantile",0.01,0.248079189691214
2017-12-23,"HHS Region 7","ili perc",1,2017-12-30,"quantile",0.025,0.407379056635067
2017-12-23,"HHS Region 7","ili perc",1,2017-12-30,"quantile",0.05,0.609883736635402
2017-12-23,"HHS Region 7","ili perc",1,2017-12-30,"quantile",0.1,0.944150254705295
2017-12-23,"HHS Region 7","ili perc",1,2017-12-30,"quantile",0.15,1.12850579337921
2017-12-23,"HHS Region 7","ili perc",1,2017-12-30,"quantile",0.2,1.24100612874992
2017-12-23,"HHS Region 7","ili perc",1,2017-12-30,"quantile",0.25,1.32885005454107
2017-12-23,"HHS Region 7","ili perc",1,2017-12-30,"quantile",0.3,1.40547247225731
2017-12-23,"HHS Region 7","ili perc",1,2017-12-30,"quantile",0.35,1.47581878697046
2017-12-23,"HHS Region 7","ili perc",1,2017-12-30,"quantile",0.4,1.54688797036755
2017-12-23,"HHS Region 7","ili perc",1,2017-12-30,"quantile",0.45,1.62059463589009
2017-12-23,"HHS Region 7","ili perc",1,2017-12-30,"quantile",0.5,1.70103447222674
2017-12-23,"HHS Region 7","ili perc",1,2017-12-30,"quantile",0.55,1.79935497786461
2017-12-23,"HHS Region 7","ili perc",1,2017-12-30,"quantile",0.6,1.93802661570411
2017-12-23,"HHS Region 7","ili perc",1,2017-12-30,"quantile",0.65,2.17836373419889
2017-12-23,"HHS Region 7","ili perc",1,2017-12-30,"quantile",0.7,2.67953667726494
2017-12-23,"HHS Region 7","ili perc",1,2017-12-30,"quantile",0.75,3.01680887798708
2017-12-23,"HHS Region 7","ili perc",1,2017-12-30,"quantile",0.8,3.92290803423259
2017-12-23,"HHS Region 7","ili perc",1,2017-12-30,"quantile",0.85,4.40140665390633
2017-12-23,"HHS Region 7","ili perc",1,2017-12-30,"quantile",0.9,5.60014563998459
2017-12-23,"HHS Region 7","ili perc",1,2017-12-30,"quantile",0.95,6.29882550304828
2017-12-23,"HHS Region 7","ili perc",1,2017-12-30,"quantile",0.975,6.6213180456999
2017-12-23,"HHS Region 7","ili perc",1,2017-12-30,"quantile",0.99,6.90709690361051
2017-12-23,"HHS Region 8","ili perc",1,2017-12-30,"quantile",0.01,0.1480193586039
2017-12-23,"HHS Region 8","ili perc",1,2017-12-30,"quantile",0.025,0.2416913655348
2017-12-23,"HHS Region 8","ili perc",1,2017-12-30,"quantile",0.05,0.372569897546933
2017-12-23,"HHS Region 8","ili perc",1,2017-12-30,"quantile",0.1,0.581881723851069
2017-12-23,"HHS Region 8","ili perc",1,2017-12-30,"quantile",0.15,0.754923965073839
2017-12-23,"HHS Region 8","ili perc",1,2017-12-30,"quantile",0.2,0.910578261129437
2017-12-23,"HHS Region 8","ili perc",1,2017-12-30,"quantile",0.25,1.05582601024779
2017-12-23,"HHS Region 8","ili perc",1,2017-12-30,"quantile",0.3,1.19687563838392
2017-12-23,"HHS Region 8","ili perc",1,2017-12-30,"quantile",0.35,1.33690600128333
2017-12-23,"HHS Region 8","ili perc",1,2017-12-30,"quantile",0.4,1.47896353499315
2017-12-23,"HHS Region 8","ili perc",1,2017-12-30,"quantile",0.45,1.62611543919053
2017-12-23,"HHS Region 8","ili perc",1,2017-12-30,"quantile",0.5,1.78106571809898
2017-12-23,"HHS Region 8","ili perc",1,2017-12-30,"quantile",0.55,1.94761888259356
2017-12-23,"HHS Region 8","ili perc",1,2017-12-30,"quantile",0.6,2.12881413674469
2017-12-23,"HHS Region 8","ili perc",1,2017-12-30,"quantile",0.65,2.32901238070836
2017-12-23,"HHS Region 8","ili perc",1,2017-12-30,"quantile",0.7,2.55167076364907
2017-12-23,"HHS Region 8","ili perc",1,2017-12-30,"quantile",0.75,2.79847051690955
2017-12-23,"HHS Region 8","ili perc",1,2017-12-30,"quantile",0.8,3.07261223109834
2017-12-23,"HHS Region 8","ili perc",1,2017-12-30,"quantile",0.85,3.37710486365039
2017-12-23,"HHS Region 8","ili perc",1,2017-12-30,"quantile",0.9,3.72681629639212
2017-12-23,"HHS Region 8","ili perc",1,2017-12-30,"quantile",0.95,4.17837437884274
2017-12-23,"HHS Region 8","ili perc",1,2017-12-30,"quantile",0.975,4.52953377722079
2017-12-23,"HHS Region 8","ili perc",1,2017-12-30,"quantile",0.99,4.94559521836393
2017-12-23,"HHS Region 9","ili perc",1,2017-12-30,"quantile",0.01,1.73439953511184
2017-12-23,"HHS Region 9","ili perc",1,2017-12-30,"quantile",0.025,1.97147422638545
2017-12-23,"HHS Region 9","ili perc",1,2017-12-30,"quantile",0.05,2.1973517791102
2017-12-23,"HHS Region 9","ili perc",1,2017-12-30,"quantile",0.1,2.47253451736894
2017-12-23,"HHS Region 9","ili perc",1,2017-12-30,"quantile",0.15,2.66050666879784
2017-12-23,"HHS Region 9","ili perc",1,2017-12-30,"quantile",0.2,2.80887453369186
2017-12-23,"HHS Region 9","ili perc",1,2017-12-30,"quantile",0.25,2.93374519950238
2017-12-23,"HHS Region 9","ili perc",1,2017-12-30,"quantile",0.3,3.0476695470068
2017-12-23,"HHS Region 9","ili perc",1,2017-12-30,"quantile",0.35,3.15629993787289
2017-12-23,"HHS Region 9","ili perc",1,2017-12-30,"quantile",0.4,3.26433172038583
2017-12-23,"HHS Region 9","ili perc",1,2017-12-30,"quantile",0.45,3.37632436923534
2017-12-23,"HHS Region 9","ili perc",1,2017-12-30,"quantile",0.5,3.49752037132789
2017-12-23,"HHS Region 9","ili perc",1,2017-12-30,"quantile",0.55,3.6394137954325
2017-12-23,"HHS Region 9","ili perc",1,2017-12-30,"quantile",0.6,3.81233659694923
2017-12-23,"HHS Region 9","ili perc",1,2017-12-30,"quantile",0.65,4.04131535479598
2017-12-23,"HHS Region 9","ili perc",1,2017-12-30,"quantile",0.7,4.32829834255478
2017-12-23,"HHS Region 9","ili perc",1,2017-12-30,"quantile",0.75,4.65613835734603
2017-12-23,"HHS Region 9","ili perc",1,2017-12-30,"quantile",0.8,5.06323252694641
2017-12-23,"HHS Region 9","ili perc",1,2017-12-30,"quantile",0.85,5.63379396558584
2017-12-23,"HHS Region 9","ili perc",1,2017-12-30,"quantile",0.9,8.52380997100534
2017-12-23,"HHS Region 9","ili perc",1,2017-12-30,"quantile",0.95,9.65699039186259
2017-12-23,"HHS Region 9","ili perc",1,2017-12-30,"quantile",0.975,10.1751036893719
2017-12-23,"HHS Region 9","ili perc",1,2017-12-30,"quantile",0.99,10.522832748093
2017-12-23,"US National","ili perc",1,2017-12-30,"quantile",0.01,0.999230760433938
2017-12-23,"US National","ili perc",1,2017-12-30,"quantile",0.025,1.22890031527139
2017-12-23,"US National","ili perc",1,2017-12-30,"quantile",0.05,1.44494043393661
2017-12-23,"US National","ili perc",1,2017-12-30,"quantile",0.1,1.71374289203959
2017-12-23,"US National","ili perc",1,2017-12-30,"quantile",0.15,1.90318298254118
2017-12-23,"US National","ili perc",1,2017-12-30,"quantile",0.2,2.05545495684696
2017-12-23,"US National","ili perc",1,2017-12-30,"quantile",0.25,2.19014817225306
2017-12-23,"US National","ili perc",1,2017-12-30,"quantile",0.3,2.31324674937379
2017-12-23,"US National","ili perc",1,2017-12-30,"quantile",0.35,2.43102549481589
2017-12-23,"US National","ili perc",1,2017-12-30,"quantile",0.4,2.54798189095944
2017-12-23,"US National","ili perc",1,2017-12-30,"quantile",0.45,2.6678544399856
2017-12-23,"US National","ili perc",1,2017-12-30,"quantile",0.5,2.79460059592739
2017-12-23,"US National","ili perc",1,2017-12-30,"quantile",0.55,2.93589800779
2017-12-23,"US National","ili perc",1,2017-12-30,"quantile",0.6,3.09753804652917
2017-12-23,"US National","ili perc",1,2017-12-30,"quantile",0.65,3.29829063560188
2017-12-23,"US National","ili perc",1,2017-12-30,"quantile",0.7,3.56470710555581
2017-12-23,"US National","ili perc",1,2017-12-30,"quantile",0.75,3.88558959725208
2017-12-23,"US National","ili perc",1,2017-12-30,"quantile",0.8,4.17600482181798
2017-12-23,"US National","ili perc",1,2017-12-30,"quantile",0.85,4.43969954218699
2017-12-23,"US National","ili perc",1,2017-12-30,"quantile",0.9,4.74727750260697
2017-12-23,"US National","ili perc",1,2017-12-30,"quantile",0.95,6.24597501090587
2017-12-23,"US National","ili perc",1,2017-12-30,"quantile",0.975,6.86119854905776
2017-12-23,"US National","ili perc",1,2017-12-30,"quantile",0.99,7.25247974514663
2017-12-23,"HHS Region 1","ili perc",2,2018-01-06,"quantile",0.01,0.195485117663365
2017-12-23,"HHS Region 1","ili perc",2,2018-01-06,"quantile",0.025,0.314978575729703
2017-12-23,"HHS Region 1","ili perc",2,2018-01-06,"quantile",0.05,0.455773833660774
2017-12-23,"HHS Region 1","ili perc",2,2018-01-06,"quantile",0.1,0.65254436926798
2017-12-23,"HHS Region 1","ili perc",2,2018-01-06,"quantile",0.15,0.801858709749645
2017-12-23,"HHS Region 1","ili perc",2,2018-01-06,"quantile",0.2,0.926100363219509
2017-12-23,"HHS Region 1","ili perc",2,2018-01-06,"quantile",0.25,1.0392519958812
2017-12-23,"HHS Region 1","ili perc",2,2018-01-06,"quantile",0.3,1.14630320200968
2017-12-23,"HHS Region 1","ili perc",2,2018-01-06,"quantile",0.35,1.25091808097347
2017-12-23,"HHS Region 1","ili perc",2,2018-01-06,"quantile",0.4,1.35612715507856
2017-12-23,"HHS Region 1","ili perc",2,2018-01-06,"quantile",0.45,1.46480660465142
2017-12-23,"HHS Region 1","ili perc",2,2018-01-06,"quantile",0.5,1.5799987157354
2017-12-23,"HHS Region 1","ili perc",2,2018-01-06,"quantile",0.55,1.70553189969173
2017-12-23,"HHS Region 1","ili perc",2,2018-01-06,"quantile",0.6,1.84794585954178
2017-12-23,"HHS Region 1","ili perc",2,2018-01-06,"quantile",0.65,2.01036926899118
2017-12-23,"HHS Region 1","ili perc",2,2018-01-06,"quantile",0.7,2.20226291284254
2017-12-23,"HHS Region 1","ili perc",2,2018-01-06,"quantile",0.75,2.43488018233048
2017-12-23,"HHS Region 1","ili perc",2,2018-01-06,"quantile",0.8,2.73182464435825
2017-12-23,"HHS Region 1","ili perc",2,2018-01-06,"quantile",0.85,3.1634439522532
2017-12-23,"HHS Region 1","ili perc",2,2018-01-06,"quantile",0.9,3.76233560945069
2017-12-23,"HHS Region 1","ili perc",2,2018-01-06,"quantile",0.95,4.5551460413292
2017-12-23,"HHS Region 1","ili perc",2,2018-01-06,"quantile",0.975,5.01184057986915
2017-12-23,"HHS Region 1","ili perc",2,2018-01-06,"quantile",0.99,5.41544386344918
2017-12-23,"HHS Region 10","ili perc",2,2018-01-06,"quantile",0.01,0.203729293665993
2017-12-23,"HHS Region 10","ili perc",2,2018-01-06,"quantile",0.025,0.350290100896639
2017-12-23,"HHS Region 10","ili perc",2,2018-01-06,"quantile",0.05,0.541175676878575
2017-12-23,"HHS Region 10","ili perc",2,2018-01-06,"quantile",0.1,0.826713979164749
2017-12-23,"HHS Region 10","ili perc",2,2018-01-06,"quantile",0.15,1.05415418346499
2017-12-23,"HHS Region 10","ili perc",2,2018-01-06,"quantile",0.2,1.25498164153484
2017-12-23,"HHS Region 10","ili perc",2,2018-01-06,"quantile",0.25,1.44215540460923
2017-12-23,"HHS Region 10","ili perc",2,2018-01-06,"quantile",0.3,1.62284004072407
2017-12-23,"HHS Region 10","ili perc",2,2018-01-06,"quantile",0.35,1.80139108876307
2017-12-23,"HHS Region 10","ili perc",2,2018-01-06,"quantile",0.4,1.98094280067068
2017-12-23,"HHS Region 10","ili perc",2,2018-01-06,"quantile",0.45,2.16358224907061
2017-12-23,"HHS Region 10","ili perc",2,2018-01-06,"quantile",0.5,2.35084425708864
2017-12-23,"HHS Region 10","ili perc",2,2018-01-06,"quantile",0.55,2.54427267697436
2017-12-23,"HHS Region 10","ili perc",2,2018-01-06,"quantile",0.6,2.74592032275744
2017-12-23,"HHS Region 10","ili perc",2,2018-01-06,"quantile",0.65,2.95905791295033
2017-12-23,"HHS Region 10","ili perc",2,2018-01-06,"quantile",0.7,3.18915168708192
2017-12-23,"HHS Region 10","ili perc",2,2018-01-06,"quantile",0.75,3.44809934435964
2017-12-23,"HHS Region 10","ili perc",2,2018-01-06,"quantile",0.8,3.75800554208713
2017-12-23,"HHS Region 10","ili perc",2,2018-01-06,"quantile",0.85,4.1816670244063
2017-12-23,"HHS Region 10","ili perc",2,2018-01-06,"quantile",0.9,4.93946018409517
2017-12-23,"HHS Region 10","ili perc",2,2018-01-06,"quantile",0.95,6.1080569663769
2017-12-23,"HHS Region 10","ili perc",2,2018-01-06,"quantile",0.975,6.76599794074506
2017-12-23,"HHS Region 10","ili perc",2,2018-01-06,"quantile",0.99,7.34006210093434
2017-12-23,"HHS Region 2","ili perc",2,2018-01-06,"quantile",0.01,0.730169432102734
2017-12-23,"HHS Region 2","ili perc",2,2018-01-06,"quantile",0.025,0.950194536716004
2017-12-23,"HHS Region 2","ili perc",2,2018-01-06,"quantile",0.05,1.14918893561902
2017-12-23,"HHS Region 2","ili perc",2,2018-01-06,"quantile",0.1,1.37036409245276
2017-12-23,"HHS Region 2","ili perc",2,2018-01-06,"quantile",0.15,1.5130303235801
2017-12-23,"HHS Region 2","ili perc",2,2018-01-06,"quantile",0.2,1.62400236032668
2017-12-23,"HHS Region 2","ili perc",2,2018-01-06,"quantile",0.25,1.72144234740953
2017-12-23,"HHS Region 2","ili perc",2,2018-01-06,"quantile",0.3,1.81216322976589
2017-12-23,"HHS Region 2","ili perc",2,2018-01-06,"quantile",0.35,1.90055032890623
2017-12-23,"HHS Region 2","ili perc",2,2018-01-06,"quantile",0.4,1.99116177636643
2017-12-23,"HHS Region 2","ili perc",2,2018-01-06,"quantile",0.45,2.088285886207
2017-12-23,"HHS Region 2","ili perc",2,2018-01-06,"quantile",0.5,2.19732756484908
2017-12-23,"HHS Region 2","ili perc",2,2018-01-06,"quantile",0.55,2.33222037762622
2017-12-23,"HHS Region 2","ili perc",2,2018-01-06,"quantile",0.6,2.51187764862071
2017-12-23,"HHS Region 2","ili perc",2,2018-01-06,"quantile",0.65,2.81096875913136
2017-12-23,"HHS Region 2","ili perc",2,2018-01-06,"quantile",0.7,3.3617741635284
2017-12-23,"HHS Region 2","ili perc",2,2018-01-06,"quantile",0.75,3.83411036022828
2017-12-23,"HHS Region 2","ili perc",2,2018-01-06,"quantile",0.8,4.36238809015784
2017-12-23,"HHS Region 2","ili perc",2,2018-01-06,"quantile",0.85,4.71691412266348
2017-12-23,"HHS Region 2","ili perc",2,2018-01-06,"quantile",0.9,4.98279403640671
2017-12-23,"HHS Region 2","ili perc",2,2018-01-06,"quantile",0.95,5.27489720738965
2017-12-23,"HHS Region 2","ili perc",2,2018-01-06,"quantile",0.975,5.49494945937238
2017-12-23,"HHS Region 2","ili perc",2,2018-01-06,"quantile",0.99,5.79920376970488
2017-12-23,"HHS Region 3","ili perc",2,2018-01-06,"quantile",0.01,0.527760469938697
2017-12-23,"HHS Region 3","ili perc",2,2018-01-06,"quantile",0.025,0.808305718650285
2017-12-23,"HHS Region 3","ili perc",2,2018-01-06,"quantile",0.05,1.07811664891737
2017-12-23,"HHS Region 3","ili perc",2,2018-01-06,"quantile",0.1,1.41835563211038
2017-12-23,"HHS Region 3","ili perc",2,2018-01-06,"quantile",0.15,1.66466676451973
2017-12-23,"HHS Region 3","ili perc",2,2018-01-06,"quantile",0.2,1.87206516837093
2017-12-23,"HHS Region 3","ili perc",2,2018-01-06,"quantile",0.25,2.05912994716454
2017-12-23,"HHS Region 3","ili perc",2,2018-01-06,"quantile",0.3,2.23587496662982
2017-12-23,"HHS Region 3","ili perc",2,2018-01-06,"quantile",0.35,2.40833660045317
2017-12-23,"HHS Region 3","ili perc",2,2018-01-06,"quantile",0.4,2.581316094752
2017-12-23,"HHS Region 3","ili perc",2,2018-01-06,"quantile",0.45,2.75942911684601
2017-12-23,"HHS Region 3","ili perc",2,2018-01-06,"quantile",0.5,2.94713880035658
2017-12-23,"HHS Region 3","ili perc",2,2018-01-06,"quantile",0.55,3.15004690471349
2017-12-23,"HHS Region 3","ili perc",2,2018-01-06,"quantile",0.6,3.37523212102798
2017-12-23,"HHS Region 3","ili perc",2,2018-01-06,"quantile",0.65,3.63364959588677
2017-12-23,"HHS Region 3","ili perc",2,2018-01-06,"quantile",0.7,3.94310846045125
2017-12-23,"HHS Region 3","ili perc",2,2018-01-06,"quantile",0.75,4.34296803146593
2017-12-23,"HHS Region 3","ili perc",2,2018-01-06,"quantile",0.8,4.92476772656505
2017-12-23,"HHS Region 3","ili perc",2,2018-01-06,"quantile",0.85,5.71895006104073
2017-12-23,"HHS Region 3","ili perc",2,2018-01-06,"quantile",0.9,6.52328415914383
2017-12-23,"HHS Region 3","ili perc",2,2018-01-06,"quantile",0.95,7.41122738761312
2017-12-23,"HHS Region 3","ili perc",2,2018-01-06,"quantile",0.975,7.98125446704971
2017-12-23,"HHS Region 3","ili perc",2,2018-01-06,"quantile",0.99,8.50484840158438
2017-12-23,"HHS Region 4","ili perc",2,2018-01-06,"quantile",0.01,0.852442966593153
2017-12-23,"HHS Region 4","ili perc",2,2018-01-06,"quantile",0.025,0.971287080077401
2017-12-23,"HHS Region 4","ili perc",2,2018-01-06,"quantile",0.05,1.07618710857296
2017-12-23,"HHS Region 4","ili perc",2,2018-01-06,"quantile",0.1,1.20494158038948
2017-12-23,"HHS Region 4","ili perc",2,2018-01-06,"quantile",0.15,1.29579553696007
2017-12-23,"HHS Region 4","ili perc",2,2018-01-06,"quantile",0.2,1.37247490608441
2017-12-23,"HHS Region 4","ili perc",2,2018-01-06,"quantile",0.25,1.44556467543628
2017-12-23,"HHS Region 4","ili perc",2,2018-01-06,"quantile",0.3,1.51791374208269
2017-12-23,"HHS Region 4","ili perc",2,2018-01-06,"quantile",0.35,1.59316693440699
2017-12-23,"HHS Region 4","ili perc",2,2018-01-06,"quantile",0.4,1.68026196309613
2017-12-23,"HHS Region 4","ili perc",2,2018-01-06,"quantile",0.45,1.78843014401432
2017-12-23,"HHS Region 4","ili perc",2,2018-01-06,"quantile",0.5,1.95807044321875
2017-12-23,"HHS Region 4","ili perc",2,2018-01-06,"quantile",0.55,2.25030510093356
2017-12-23,"HHS Region 4","ili perc",2,2018-01-06,"quantile",0.6,2.54252135352541
2017-12-23,"HHS Region 4","ili perc",2,2018-01-06,"quantile",0.65,2.77483308224719
2017-12-23,"HHS Region 4","ili perc",2,2018-01-06,"quantile",0.7,2.96461968780336
2017-12-23,"HHS Region 4","ili perc",2,2018-01-06,"quantile",0.75,3.15301380356102
2017-12-23,"HHS Region 4","ili perc",2,2018-01-06,"quantile",0.8,3.37075450966584
2017-12-23,"HHS Region 4","ili perc",2,2018-01-06,"quantile",0.85,3.60354905870022
2017-12-23,"HHS Region 4","ili perc",2,2018-01-06,"quantile",0.9,3.86407730983645
2017-12-23,"HHS Region 4","ili perc",2,2018-01-06,"quantile",0.95,4.3505120970058
2017-12-23,"HHS Region 4","ili perc",2,2018-01-06,"quantile",0.975,4.65391330556288
2017-12-23,"HHS Region 4","ili perc",2,2018-01-06,"quantile",0.99,4.99701683539308
2017-12-23,"HHS Region 5","ili perc",2,2018-01-06,"quantile",0.01,0.665456687900974
2017-12-23,"HHS Region 5","ili perc",2,2018-01-06,"quantile",0.025,0.830993476175383
2017-12-23,"HHS Region 5","ili perc",2,2018-01-06,"quantile",0.05,0.989149117389895
2017-12-23,"HHS Region 5","ili perc",2,2018-01-06,"quantile",0.1,1.18969191587356
2017-12-23,"HHS Region 5","ili perc",2,2018-01-06,"quantile",0.15,1.33632067218676
2017-12-23,"HHS Region 5","ili perc",2,2018-01-06,"quantile",0.2,1.45803963952287
2017-12-23,"HHS Region 5","ili perc",2,2018-01-06,"quantile",0.25,1.5632439780928
2017-12-23,"HHS Region 5","ili perc",2,2018-01-06,"quantile",0.3,1.65689943093889
2017-12-23,"HHS Region 5","ili perc",2,2018-01-06,"quantile",0.35,1.74300427083433
2017-12-23,"HHS Region 5","ili perc",2,2018-01-06,"quantile",0.4,1.82457487597101
2017-12-23,"HHS Region 5","ili perc",2,2018-01-06,"quantile",0.45,1.90373818819803
2017-12-23,"HHS Region 5","ili perc",2,2018-01-06,"quantile",0.5,1.98341765939498
2017-12-23,"HHS Region 5","ili perc",2,2018-01-06,"quantile",0.55,2.0672493970968
2017-12-23,"HHS Region 5","ili perc",2,2018-01-06,"quantile",0.6,2.15886682932864
2017-12-23,"HHS Region 5","ili perc",2,2018-01-06,"quantile",0.65,2.26480478284856
2017-12-23,"HHS Region 5","ili perc",2,2018-01-06,"quantile",0.7,2.39584923901269
2017-12-23,"HHS Region 5","ili perc",2,2018-01-06,"quantile",0.75,2.58013711903484
2017-12-23,"HHS Region 5","ili perc",2,2018-01-06,"quantile",0.8,2.84993227282657
2017-12-23,"HHS Region 5","ili perc",2,2018-01-06,"quantile",0.85,3.27607362500614
2017-12-23,"HHS Region 5","ili perc",2,2018-01-06,"quantile",0.9,3.66562614376699
2017-12-23,"HHS Region 5","ili perc",2,2018-01-06,"quantile",0.95,3.98842044738022
2017-12-23,"HHS Region 5","ili perc",2,2018-01-06,"quantile",0.975,4.21048314682719
2017-12-23,"HHS Region 5","ili perc",2,2018-01-06,"quantile",0.99,4.61841761025384
2017-12-23,"HHS Region 6","ili perc",2,2018-01-06,"quantile",0.01,0.38624135768523
2017-12-23,"HHS Region 6","ili perc",2,2018-01-06,"quantile",0.025,0.725282999297979
2017-12-23,"HHS Region 6","ili perc",2,2018-01-06,"quantile",0.05,1.13978515874288
2017-12-23,"HHS Region 6","ili perc",2,2018-01-06,"quantile",0.1,1.73550143096109
2017-12-23,"HHS Region 6","ili perc",2,2018-01-06,"quantile",0.15,2.19658754767947
2017-12-23,"HHS Region 6","ili perc",2,2018-01-06,"quantile",0.2,2.59264088621794
2017-12-23,"HHS Region 6","ili perc",2,2018-01-06,"quantile",0.25,2.9529565632956
2017-12-23,"HHS Region 6","ili perc",2,2018-01-06,"quantile",0.3,3.29392181852239
2017-12-23,"HHS Region 6","ili perc",2,2018-01-06,"quantile",0.35,3.62621390274776
2017-12-23,"HHS Region 6","ili perc",2,2018-01-06,"quantile",0.4,3.95934624925878
2017-12-23,"HHS Region 6","ili perc",2,2018-01-06,"quantile",0.45,4.30216076222521
2017-12-23,"HHS Region 6","ili perc",2,2018-01-06,"quantile",0.5,4.6646396727344
2017-12-23,"HHS Region 6","ili perc",2,2018-01-06,"quantile",0.55,5.05536445496929
2017-12-23,"HHS Region 6","ili perc",2,2018-01-06,"quantile",0.6,5.47878569609427
2017-12-23,"HHS Region 6","ili perc",2,2018-01-06,"quantile",0.65,5.92760868807123
2017-12-23,"HHS Region 6","ili perc",2,2018-01-06,"quantile",0.7,6.38361959807593
2017-12-23,"HHS Region 6","ili perc",2,2018-01-06,"quantile",0.75,6.83452676332288
2017-12-23,"HHS Region 6","ili perc",2,2018-01-06,"quantile",0.8,7.2852297362092
2017-12-23,"HHS Region 6","ili perc",2,2018-01-06,"quantile",0.85,7.75726970023416
2017-12-23,"HHS Region 6","ili perc",2,2018-01-06,"quantile",0.9,8.29391292171515
2017-12-23,"HHS Region 6","ili perc",2,2018-01-06,"quantile",0.95,9.01462885115792
2017-12-23,"HHS Region 6","ili perc",2,2018-01-06,"quantile",0.975,9.59138732422059
2017-12-23,"HHS Region 6","ili perc",2,2018-01-06,"quantile",0.99,10.2265882684677
2017-12-23,"HHS Region 7","ili perc",2,2018-01-06,"quantile",0.01,0.243212740497955
2017-12-23,"HHS Region 7","ili perc",2,2018-01-06,"quantile",0.025,0.41151222586984
2017-12-23,"HHS Region 7","ili perc",2,2018-01-06,"quantile",0.05,0.597458989482376
2017-12-23,"HHS Region 7","ili perc",2,2018-01-06,"quantile",0.1,0.830897095032103
2017-12-23,"HHS Region 7","ili perc",2,2018-01-06,"quantile",0.15,0.996950231074466
2017-12-23,"HHS Region 7","ili perc",2,2018-01-06,"quantile",0.2,1.13049352285427
2017-12-23,"HHS Region 7","ili perc",2,2018-01-06,"quantile",0.25,1.25018005690441
2017-12-23,"HHS Region 7","ili perc",2,2018-01-06,"quantile",0.3,1.36290173568435
2017-12-23,"HHS Region 7","ili perc",2,2018-01-06,"quantile",0.35,1.47347829661256
2017-12-23,"HHS Region 7","ili perc",2,2018-01-06,"quantile",0.4,1.58599637153285
2017-12-23,"HHS Region 7","ili perc",2,2018-01-06,"quantile",0.45,1.70488790140479
2017-12-23,"HHS Region 7","ili perc",2,2018-01-06,"quantile",0.5,1.83707074806168
2017-12-23,"HHS Region 7","ili perc",2,2018-01-06,"quantile",0.55,1.98798896786566
2017-12-23,"HHS Region 7","ili perc",2,2018-01-06,"quantile",0.6,2.17139583235862
2017-12-23,"HHS Region 7","ili perc",2,2018-01-06,"quantile",0.65,2.39266834662607
2017-12-23,"HHS Region 7","ili perc",2,2018-01-06,"quantile",0.7,2.64061295817046
2017-12-23,"HHS Region 7","ili perc",2,2018-01-06,"quantile",0.75,2.89637323904562
2017-12-23,"HHS Region 7","ili perc",2,2018-01-06,"quantile",0.8,3.17677017371892
2017-12-23,"HHS Region 7","ili perc",2,2018-01-06,"quantile",0.85,3.55701206160174
2017-12-23,"HHS Region 7","ili perc",2,2018-01-06,"quantile",0.9,4.67192670434649
2017-12-23,"HHS Region 7","ili perc",2,2018-01-06,"quantile",0.95,5.35929218844213
2017-12-23,"HHS Region 7","ili perc",2,2018-01-06,"quantile",0.975,5.68333728729789
2017-12-23,"HHS Region 7","ili perc",2,2018-01-06,"quantile",0.99,6.03238493085113
2017-12-23,"HHS Region 8","ili perc",2,2018-01-06,"quantile",0.01,0.164266241331173
2017-12-23,"HHS Region 8","ili perc",2,2018-01-06,"quantile",0.025,0.273896844790915
2017-12-23,"HHS Region 8","ili perc",2,2018-01-06,"quantile",0.05,0.420038592493531
2017-12-23,"HHS Region 8","ili perc",2,2018-01-06,"quantile",0.1,0.642411937084053
2017-12-23,"HHS Region 8","ili perc",2,2018-01-06,"quantile",0.15,0.819989229568241
2017-12-23,"HHS Region 8","ili perc",2,2018-01-06,"quantile",0.2,0.973195663168516
2017-12-23,"HHS Region 8","ili perc",2,2018-01-06,"quantile",0.25,1.11315918645162
2017-12-23,"HHS Region 8","ili perc",2,2018-01-06,"quantile",0.3,1.24489620354651
2017-12-23,"HHS Region 8","ili perc",2,2018-01-06,"quantile",0.35,1.37317239522187
2017-12-23,"HHS Region 8","ili perc",2,2018-01-06,"quantile",0.4,1.50083911936906
2017-12-23,"HHS Region 8","ili perc",2,2018-01-06,"quantile",0.45,1.63142352630469
2017-12-23,"HHS Region 8","ili perc",2,2018-01-06,"quantile",0.5,1.76766350624527
2017-12-23,"HHS Region 8","ili perc",2,2018-01-06,"quantile",0.55,1.91325737408934
2017-12-23,"HHS Region 8","ili perc",2,2018-01-06,"quantile",0.6,2.07366364359805
2017-12-23,"HHS Region 8","ili perc",2,2018-01-06,"quantile",0.65,2.25392202030633
2017-12-23,"HHS Region 8","ili perc",2,2018-01-06,"quantile",0.7,2.46020050777664
2017-12-23,"HHS Region 8","ili perc",2,2018-01-06,"quantile",0.75,2.69896676170147
2017-12-23,"HHS Region 8","ili perc",2,2018-01-06,"quantile",0.8,2.98230754499919
2017-12-23,"HHS Region 8","ili perc",2,2018-01-06,"quantile",0.85,3.33138039528282
2017-12-23,"HHS Region 8","ili perc",2,2018-01-06,"quantile",0.9,3.79846936479454
2017-12-23,"HHS Region 8","ili perc",2,2018-01-06,"quantile",0.95,4.50848140488912
2017-12-23,"HHS Region 8","ili perc",2,2018-01-06,"quantile",0.975,5.0025179991756
2017-12-23,"HHS Region 8","ili perc",2,2018-01-06,"quantile",0.99,5.4755338493098
2017-12-23,"HHS Region 9","ili perc",2,2018-01-06,"quantile",0.01,1.05182282735925
2017-12-23,"HHS Region 9","ili perc",2,2018-01-06,"quantile",0.025,1.34235192913216
2017-12-23,"HHS Region 9","ili perc",2,2018-01-06,"quantile",0.05,1.60634330645458
2017-12-23,"HHS Region 9","ili perc",2,2018-01-06,"quantile",0.1,1.92648437776479
2017-12-23,"HHS Region 9","ili perc",2,2018-01-06,"quantile",0.15,2.15865937917951
2017-12-23,"HHS Region 9","ili perc",2,2018-01-06,"quantile",0.2,2.35553511542315
2017-12-23,"HHS Region 9","ili perc",2,2018-01-06,"quantile",0.25,2.53547696255509
2017-12-23,"HHS Region 9","ili perc",2,2018-01-06,"quantile",0.3,2.70779378851541
2017-12-23,"HHS Region 9","ili perc",2,2018-01-06,"quantile",0.35,2.87826421309738
2017-12-23,"HHS Region 9","ili perc",2,2018-01-06,"quantile",0.4,3.05143717961807
2017-12-23,"HHS Region 9","ili perc",2,2018-01-06,"quantile",0.45,3.23040355076844
2017-12-23,"HHS Region 9","ili perc",2,2018-01-06,"quantile",0.5,3.41782328560041
2017-12-23,"HHS Region 9","ili perc",2,2018-01-06,"quantile",0.55,3.61588062701476
2017-12-23,"HHS Region 9","ili perc",2,2018-01-06,"quantile",0.6,3.82663098449033
2017-12-23,"HHS Region 9","ili perc",2,2018-01-06,"quantile",0.65,4.05328821842038
2017-12-23,"HHS Region 9","ili perc",2,2018-01-06,"quantile",0.7,4.30233223428184
2017-12-23,"HHS Region 9","ili perc",2,2018-01-06,"quantile",0.75,4.59063563808352
2017-12-23,"HHS Region 9","ili perc",2,2018-01-06,"quantile",0.8,4.95163615459038
2017-12-23,"HHS Region 9","ili perc",2,2018-01-06,"quantile",0.85,5.44810719065131
2017-12-23,"HHS Region 9","ili perc",2,2018-01-06,"quantile",0.9,6.1407231268451
2017-12-23,"HHS Region 9","ili perc",2,2018-01-06,"quantile",0.95,7.98834686928555
2017-12-23,"HHS Region 9","ili perc",2,2018-01-06,"quantile",0.975,8.98175792557614
2017-12-23,"HHS Region 9","ili perc",2,2018-01-06,"quantile",0.99,9.52342638376783
2017-12-23,"US National","ili perc",2,2018-01-06,"quantile",0.01,0.980293538955526
2017-12-23,"US National","ili perc",2,2018-01-06,"quantile",0.025,1.17202045596891
2017-12-23,"US National","ili perc",2,2018-01-06,"quantile",0.05,1.34605464531107
2017-12-23,"US National","ili perc",2,2018-01-06,"quantile",0.1,1.56168017640594
2017-12-23,"US National","ili perc",2,2018-01-06,"quantile",0.15,1.7190041138039
2017-12-23,"US National","ili perc",2,2018-01-06,"quantile",0.2,1.85228742043535
2017-12-23,"US National","ili perc",2,2018-01-06,"quantile",0.25,1.97603623012208
2017-12-23,"US National","ili perc",2,2018-01-06,"quantile",0.3,2.09664533215959
2017-12-23,"US National","ili perc",2,2018-01-06,"quantile",0.35,2.22027312014251
2017-12-23,"US National","ili perc",2,2018-01-06,"quantile",0.4,2.35268397837629
2017-12-23,"US National","ili perc",2,2018-01-06,"quantile",0.45,2.49954342417087
2017-12-23,"US National","ili perc",2,2018-01-06,"quantile",0.5,2.67352919081184
2017-12-23,"US National","ili perc",2,2018-01-06,"quantile",0.55,2.87876935571876
2017-12-23,"US National","ili perc",2,2018-01-06,"quantile",0.6,3.11267700814758
2017-12-23,"US National","ili perc",2,2018-01-06,"quantile",0.65,3.36241091511174
2017-12-23,"US National","ili perc",2,2018-01-06,"quantile",0.7,3.61530883313973
2017-12-23,"US National","ili perc",2,2018-01-06,"quantile",0.75,3.85484387302746
2017-12-23,"US National","ili perc",2,2018-01-06,"quantile",0.8,4.07500573522687
2017-12-23,"US National","ili perc",2,2018-01-06,"quantile",0.85,4.29270812562723
2017-12-23,"US National","ili perc",2,2018-01-06,"quantile",0.9,4.55850154941783
2017-12-23,"US National","ili perc",2,2018-01-06,"quantile",0.95,5.14919200694714
2017-12-23,"US National","ili perc",2,2018-01-06,"quantile",0.975,5.63581486671459
2017-12-23,"US National","ili perc",2,2018-01-06,"quantile",0.99,6.02335172025971
2017-12-23,"HHS Region 1","ili perc",3,2018-01-13,"quantile",0.01,0.325720774184069
2017-12-23,"HHS Region 1","ili perc",3,2018-01-13,"quantile",0.025,0.481579592243788
2017-12-23,"HHS Region 1","ili perc",3,2018-01-13,"quantile",0.05,0.631216262731879
2017-12-23,"HHS Region 1","ili perc",3,2018-01-13,"quantile",0.1,0.820855018022176
2017-12-23,"HHS Region 1","ili perc",3,2018-01-13,"quantile",0.15,0.955572225976758
2017-12-23,"HHS Region 1","ili perc",3,2018-01-13,"quantile",0.2,1.06807099177361
2017-12-23,"HHS Region 1","ili perc",3,2018-01-13,"quantile",0.25,1.16831109379014
2017-12-23,"HHS Region 1","ili perc",3,2018-01-13,"quantile",0.3,1.26234557567172
2017-12-23,"HHS Region 1","ili perc",3,2018-01-13,"quantile",0.35,1.3542516725134
2017-12-23,"HHS Region 1","ili perc",3,2018-01-13,"quantile",0.4,1.44739428084309
2017-12-23,"HHS Region 1","ili perc",3,2018-01-13,"quantile",0.45,1.54547857205402
2017-12-23,"HHS Region 1","ili perc",3,2018-01-13,"quantile",0.5,1.65362487087077
2017-12-23,"HHS Region 1","ili perc",3,2018-01-13,"quantile",0.55,1.77951336616332
2017-12-23,"HHS Region 1","ili perc",3,2018-01-13,"quantile",0.6,1.9412281871814
2017-12-23,"HHS Region 1","ili perc",3,2018-01-13,"quantile",0.65,2.16802924005804
2017-12-23,"HHS Region 1","ili perc",3,2018-01-13,"quantile",0.7,2.48306297917912
2017-12-23,"HHS Region 1","ili perc",3,2018-01-13,"quantile",0.75,2.81741854123835
2017-12-23,"HHS Region 1","ili perc",3,2018-01-13,"quantile",0.8,3.16147832393305
2017-12-23,"HHS Region 1","ili perc",3,2018-01-13,"quantile",0.85,3.68035643054949
2017-12-23,"HHS Region 1","ili perc",3,2018-01-13,"quantile",0.9,4.10775290770636
2017-12-23,"HHS Region 1","ili perc",3,2018-01-13,"quantile",0.95,4.4693038840271
2017-12-23,"HHS Region 1","ili perc",3,2018-01-13,"quantile",0.975,4.72104035035931
2017-12-23,"HHS Region 1","ili perc",3,2018-01-13,"quantile",0.99,5.04342249543464
2017-12-23,"HHS Region 10","ili perc",3,2018-01-13,"quantile",0.01,0.499314425724879
2017-12-23,"HHS Region 10","ili perc",3,2018-01-13,"quantile",0.025,0.720566090895287
2017-12-23,"HHS Region 10","ili perc",3,2018-01-13,"quantile",0.05,0.934357302735341
2017-12-23,"HHS Region 10","ili perc",3,2018-01-13,"quantile",0.1,1.21055692240642
2017-12-23,"HHS Region 10","ili perc",3,2018-01-13,"quantile",0.15,1.42060984830339
2017-12-23,"HHS Region 10","ili perc",3,2018-01-13,"quantile",0.2,1.61004019583594
2017-12-23,"HHS Region 10","ili perc",3,2018-01-13,"quantile",0.25,1.795235020096
2017-12-23,"HHS Region 10","ili perc",3,2018-01-13,"quantile",0.3,1.98527496203962
2017-12-23,"HHS Region 10","ili perc",3,2018-01-13,"quantile",0.35,2.18179902176827
2017-12-23,"HHS Region 10","ili perc",3,2018-01-13,"quantile",0.4,2.37856157136805
2017-12-23,"HHS Region 10","ili perc",3,2018-01-13,"quantile",0.45,2.56625277719291
2017-12-23,"HHS Region 10","ili perc",3,2018-01-13,"quantile",0.5,2.74113189781521
2017-12-23,"HHS Region 10","ili perc",3,2018-01-13,"quantile",0.55,2.90553514489719
2017-12-23,"HHS Region 10","ili perc",3,2018-01-13,"quantile",0.6,3.06350129084673
2017-12-23,"HHS Region 10","ili perc",3,2018-01-13,"quantile",0.65,3.22143555085663
2017-12-23,"HHS Region 10","ili perc",3,2018-01-13,"quantile",0.7,3.38576313373416
2017-12-23,"HHS Region 10","ili perc",3,2018-01-13,"quantile",0.75,3.56720618674526
2017-12-23,"HHS Region 10","ili perc",3,2018-01-13,"quantile",0.8,3.78363010530096
2017-12-23,"HHS Region 10","ili perc",3,2018-01-13,"quantile",0.85,4.09347749550683
2017-12-23,"HHS Region 10","ili perc",3,2018-01-13,"quantile",0.9,6.18088133161769
2017-12-23,"HHS Region 10","ili perc",3,2018-01-13,"quantile",0.95,7.42847461392733
2017-12-23,"HHS Region 10","ili perc",3,2018-01-13,"quantile",0.975,7.99354008047062
2017-12-23,"HHS Region 10","ili perc",3,2018-01-13,"quantile",0.99,8.43208573143013
2017-12-23,"HHS Region 2","ili perc",3,2018-01-13,"quantile",0.01,0.525608503633658
2017-12-23,"HHS Region 2","ili perc",3,2018-01-13,"quantile",0.025,0.806111893263044
2017-12-23,"HHS Region 2","ili perc",3,2018-01-13,"quantile",0.05,1.07595568134001
2017-12-23,"HHS Region 2","ili perc",3,2018-01-13,"quantile",0.1,1.41648761295445
2017-12-23,"HHS Region 2","ili perc",3,2018-01-13,"quantile",0.15,1.66243201179257
2017-12-23,"HHS Region 2","ili perc",3,2018-01-13,"quantile",0.2,1.8691214801321
2017-12-23,"HHS Region 2","ili perc",3,2018-01-13,"quantile",0.25,2.0546211681822
2017-12-23,"HHS Region 2","ili perc",3,2018-01-13,"quantile",0.3,2.22822205635965
2017-12-23,"HHS Region 2","ili perc",3,2018-01-13,"quantile",0.35,2.39506564565855
2017-12-23,"HHS Region 2","ili perc",3,2018-01-13,"quantile",0.4,2.55892749811542
2017-12-23,"HHS Region 2","ili perc",3,2018-01-13,"quantile",0.45,2.72367757284942
2017-12-23,"HHS Region 2","ili perc",3,2018-01-13,"quantile",0.5,2.8933640730922
2017-12-23,"HHS Region 2","ili perc",3,2018-01-13,"quantile",0.55,3.07513254576188
2017-12-23,"HHS Region 2","ili perc",3,2018-01-13,"quantile",0.6,3.27937128040898
2017-12-23,"HHS Region 2","ili perc",3,2018-01-13,"quantile",0.65,3.53093318156734
2017-12-23,"HHS Region 2","ili perc",3,2018-01-13,"quantile",0.7,3.89994702969779
2017-12-23,"HHS Region 2","ili perc",3,2018-01-13,"quantile",0.75,4.58728604728378
2017-12-23,"HHS Region 2","ili perc",3,2018-01-13,"quantile",0.8,5.2019784167396
2017-12-23,"HHS Region 2","ili perc",3,2018-01-13,"quantile",0.85,5.71169684769214
2017-12-23,"HHS Region 2","ili perc",3,2018-01-13,"quantile",0.9,6.3224319280261
2017-12-23,"HHS Region 2","ili perc",3,2018-01-13,"quantile",0.95,7.0852101671101
2017-12-23,"HHS Region 2","ili perc",3,2018-01-13,"quantile",0.975,7.5575786033527
2017-12-23,"HHS Region 2","ili perc",3,2018-01-13,"quantile",0.99,8.01248450400837
2017-12-23,"HHS Region 3","ili perc",3,2018-01-13,"quantile",0.01,0.350334489974418
2017-12-23,"HHS Region 3","ili perc",3,2018-01-13,"quantile",0.025,0.627469260622092
2017-12-23,"HHS Region 3","ili perc",3,2018-01-13,"quantile",0.05,0.947317191487696
2017-12-23,"HHS Region 3","ili perc",3,2018-01-13,"quantile",0.1,1.38980979228274
2017-12-23,"HHS Region 3","ili perc",3,2018-01-13,"quantile",0.15,1.72458274440296
2017-12-23,"HHS Region 3","ili perc",3,2018-01-13,"quantile",0.2,2.01137269433279
2017-12-23,"HHS Region 3","ili perc",3,2018-01-13,"quantile",0.25,2.27167221723812
2017-12-23,"HHS Region 3","ili perc",3,2018-01-13,"quantile",0.3,2.51719416647037
2017-12-23,"HHS Region 3","ili perc",3,2018-01-13,"quantile",0.35,2.75410565876589
2017-12-23,"HHS Region 3","ili perc",3,2018-01-13,"quantile",0.4,2.98693036724718
2017-12-23,"HHS Region 3","ili perc",3,2018-01-13,"quantile",0.45,3.21882468496605
2017-12-23,"HHS Region 3","ili perc",3,2018-01-13,"quantile",0.5,3.45281711619559
2017-12-23,"HHS Region 3","ili perc",3,2018-01-13,"quantile",0.55,3.69194022189042
2017-12-23,"HHS Region 3","ili perc",3,2018-01-13,"quantile",0.6,3.9406712808686
2017-12-23,"HHS Region 3","ili perc",3,2018-01-13,"quantile",0.65,4.20391775538491
2017-12-23,"HHS Region 3","ili perc",3,2018-01-13,"quantile",0.7,4.49082103117086
2017-12-23,"HHS Region 3","ili perc",3,2018-01-13,"quantile",0.75,4.81443981916771
2017-12-23,"HHS Region 3","ili perc",3,2018-01-13,"quantile",0.8,5.19711779588722
2017-12-23,"HHS Region 3","ili perc",3,2018-01-13,"quantile",0.85,5.67982987154238
2017-12-23,"HHS Region 3","ili perc",3,2018-01-13,"quantile",0.9,6.32227983658139
2017-12-23,"HHS Region 3","ili perc",3,2018-01-13,"quantile",0.95,7.19099342214779
2017-12-23,"HHS Region 3","ili perc",3,2018-01-13,"quantile",0.975,7.80690965578761
2017-12-23,"HHS Region 3","ili perc",3,2018-01-13,"quantile",0.99,8.42936701687002
2017-12-23,"HHS Region 4","ili perc",3,2018-01-13,"quantile",0.01,1.20111085447315
2017-12-23,"HHS Region 4","ili perc",3,2018-01-13,"quantile",0.025,1.31295043907127
2017-12-23,"HHS Region 4","ili perc",3,2018-01-13,"quantile",0.05,1.41372285895061
2017-12-23,"HHS Region 4","ili perc",3,2018-01-13,"quantile",0.1,1.52773250993562
2017-12-23,"HHS Region 4","ili perc",3,2018-01-13,"quantile",0.15,1.6085989919799
2017-12-23,"HHS Region 4","ili perc",3,2018-01-13,"quantile",0.2,1.67156897038804
2017-12-23,"HHS Region 4","ili perc",3,2018-01-13,"quantile",0.25,1.73108329225541
2017-12-23,"HHS Region 4","ili perc",3,2018-01-13,"quantile",0.3,1.78775306103521
2017-12-23,"HHS Region 4","ili perc",3,2018-01-13,"quantile",0.35,1.84851989951907
2017-12-23,"HHS Region 4","ili perc",3,2018-01-13,"quantile",0.4,1.91385838904213
2017-12-23,"HHS Region 4","ili perc",3,2018-01-13,"quantile",0.45,1.99620885313801
2017-12-23,"HHS Region 4","ili perc",3,2018-01-13,"quantile",0.5,2.15328896534663
2017-12-23,"HHS Region 4","ili perc",3,2018-01-13,"quantile",0.55,2.74955657676413
2017-12-23,"HHS Region 4","ili perc",3,2018-01-13,"quantile",0.6,2.9563225620751
2017-12-23,"HHS Region 4","ili perc",3,2018-01-13,"quantile",0.65,3.11279049888148
2017-12-23,"HHS Region 4","ili perc",3,2018-01-13,"quantile",0.7,3.24890993254415
2017-12-23,"HHS Region 4","ili perc",3,2018-01-13,"quantile",0.75,3.37663706872934
2017-12-23,"HHS Region 4","ili perc",3,2018-01-13,"quantile",0.8,3.50862863795416
2017-12-23,"HHS Region 4","ili perc",3,2018-01-13,"quantile",0.85,3.66468110397548
2017-12-23,"HHS Region 4","ili perc",3,2018-01-13,"quantile",0.9,3.86493360361183
2017-12-23,"HHS Region 4","ili perc",3,2018-01-13,"quantile",0.95,4.15451500412439
2017-12-23,"HHS Region 4","ili perc",3,2018-01-13,"quantile",0.975,4.36692169906619
2017-12-23,"HHS Region 4","ili perc",3,2018-01-13,"quantile",0.99,5.71779133497193
2017-12-23,"HHS Region 5","ili perc",3,2018-01-13,"quantile",0.01,0.942192250235997
2017-12-23,"HHS Region 5","ili perc",3,2018-01-13,"quantile",0.025,1.06140325698619
2017-12-23,"HHS Region 5","ili perc",3,2018-01-13,"quantile",0.05,1.180596769621
2017-12-23,"HHS Region 5","ili perc",3,2018-01-13,"quantile",0.1,1.35222180911042
2017-12-23,"HHS Region 5","ili perc",3,2018-01-13,"quantile",0.15,1.51169416833039
2017-12-23,"HHS Region 5","ili perc",3,2018-01-13,"quantile",0.2,1.67600072686064
2017-12-23,"HHS Region 5","ili perc",3,2018-01-13,"quantile",0.25,1.82532581887062
2017-12-23,"HHS Region 5","ili perc",3,2018-01-13,"quantile",0.3,1.94976480137123
2017-12-23,"HHS Region 5","ili perc",3,2018-01-13,"quantile",0.35,2.05610231261194
2017-12-23,"HHS Region 5","ili perc",3,2018-01-13,"quantile",0.4,2.14841227779489
2017-12-23,"HHS Region 5","ili perc",3,2018-01-13,"quantile",0.45,2.2296115428687
2017-12-23,"HHS Region 5","ili perc",3,2018-01-13,"quantile",0.5,2.30277682609794
2017-12-23,"HHS Region 5","ili perc",3,2018-01-13,"quantile",0.55,2.3668781973302
2017-12-23,"HHS Region 5","ili perc",3,2018-01-13,"quantile",0.6,2.4291613623327
2017-12-23,"HHS Region 5","ili perc",3,2018-01-13,"quantile",0.65,2.48950059232416
2017-12-23,"HHS Region 5","ili perc",3,2018-01-13,"quantile",0.7,2.55308290446616
2017-12-23,"HHS Region 5","ili perc",3,2018-01-13,"quantile",0.75,2.62150712056783
2017-12-23,"HHS Region 5","ili perc",3,2018-01-13,"quantile",0.8,2.70172539089722
2017-12-23,"HHS Region 5","ili perc",3,2018-01-13,"quantile",0.85,2.83208491710327
2017-12-23,"HHS Region 5","ili perc",3,2018-01-13,"quantile",0.9,3.58830048805935
2017-12-23,"HHS Region 5","ili perc",3,2018-01-13,"quantile",0.95,4.35630032007908
2017-12-23,"HHS Region 5","ili perc",3,2018-01-13,"quantile",0.975,4.62236001140308
2017-12-23,"HHS Region 5","ili perc",3,2018-01-13,"quantile",0.99,5.69949229514294
2017-12-23,"HHS Region 6","ili perc",3,2018-01-13,"quantile",0.01,0.72353637368097
2017-12-23,"HHS Region 6","ili perc",3,2018-01-13,"quantile",0.025,1.19682542814833
2017-12-23,"HHS Region 6","ili perc",3,2018-01-13,"quantile",0.05,1.67507731268059
2017-12-23,"HHS Region 6","ili perc",3,2018-01-13,"quantile",0.1,2.29004218909311
2017-12-23,"HHS Region 6","ili perc",3,2018-01-13,"quantile",0.15,2.73715545097215
2017-12-23,"HHS Region 6","ili perc",3,2018-01-13,"quantile",0.2,3.11040578623718
2017-12-23,"HHS Region 6","ili perc",3,2018-01-13,"quantile",0.25,3.44145209072108
2017-12-23,"HHS Region 6","ili perc",3,2018-01-13,"quantile",0.3,3.74695424757261
2017-12-23,"HHS Region 6","ili perc",3,2018-01-13,"quantile",0.35,4.03596779295846
2017-12-23,"HHS Region 6","ili perc",3,2018-01-13,"quantile",0.4,4.31465931378242
2017-12-23,"HHS Region 6","ili perc",3,2018-01-13,"quantile",0.45,4.58755075771212
2017-12-23,"HHS Region 6","ili perc",3,2018-01-13,"quantile",0.5,4.85861015799708
2017-12-23,"HHS Region 6","ili perc",3,2018-01-13,"quantile",0.55,5.13151328950712
2017-12-23,"HHS Region 6","ili perc",3,2018-01-13,"quantile",0.6,5.41009342413979
2017-12-23,"HHS Region 6","ili perc",3,2018-01-13,"quantile",0.65,5.69903045580473
2017-12-23,"HHS Region 6","ili perc",3,2018-01-13,"quantile",0.7,6.00441155118546
2017-12-23,"HHS Region 6","ili perc",3,2018-01-13,"quantile",0.75,6.33469533683887
2017-12-23,"HHS Region 6","ili perc",3,2018-01-13,"quantile",0.8,6.70155402481561
2017-12-23,"HHS Region 6","ili perc",3,2018-01-13,"quantile",0.85,7.12735407723758
2017-12-23,"HHS Region 6","ili perc",3,2018-01-13,"quantile",0.9,7.65305048361981
2017-12-23,"HHS Region 6","ili perc",3,2018-01-13,"quantile",0.95,8.39633740288607
2017-12-23,"HHS Region 6","ili perc",3,2018-01-13,"quantile",0.975,9.00100936404778
2017-12-23,"HHS Region 6","ili perc",3,2018-01-13,"quantile",0.99,9.66630601951837
2017-12-23,"HHS Region 7","ili perc",3,2018-01-13,"quantile",0.01,0.213396596667302
2017-12-23,"HHS Region 7","ili perc",3,2018-01-13,"quantile",0.025,0.375617397628794
2017-12-23,"HHS Region 7","ili perc",3,2018-01-13,"quantile",0.05,0.586274540781662
2017-12-23,"HHS Region 7","ili perc",3,2018-01-13,"quantile",0.1,0.900311092830043
2017-12-23,"HHS Region 7","ili perc",3,2018-01-13,"quantile",0.15,1.14730755393686
2017-12-23,"HHS Region 7","ili perc",3,2018-01-13,"quantile",0.2,1.36374367646727
2017-12-23,"HHS Region 7","ili perc",3,2018-01-13,"quantile",0.25,1.56337674580736
2017-12-23,"HHS Region 7","ili perc",3,2018-01-13,"quantile",0.3,1.75445172407855
2017-12-23,"HHS Region 7","ili perc",3,2018-01-13,"quantile",0.35,1.9422792630389
2017-12-23,"HHS Region 7","ili perc",3,2018-01-13,"quantile",0.4,2.13062644237057
2017-12-23,"HHS Region 7","ili perc",3,2018-01-13,"quantile",0.45,2.32242191436151
2017-12-23,"HHS Region 7","ili perc",3,2018-01-13,"quantile",0.5,2.52008304885187
2017-12-23,"HHS Region 7","ili perc",3,2018-01-13,"quantile",0.55,2.72572308896851
2017-12-23,"HHS Region 7","ili perc",3,2018-01-13,"quantile",0.6,2.94148080732316
2017-12-23,"HHS Region 7","ili perc",3,2018-01-13,"quantile",0.65,3.17012865123339
2017-12-23,"HHS Region 7","ili perc",3,2018-01-13,"quantile",0.7,3.41662772127942
2017-12-23,"HHS Region 7","ili perc",3,2018-01-13,"quantile",0.75,3.69033339987541
2017-12-23,"HHS Region 7","ili perc",3,2018-01-13,"quantile",0.8,4.0104136279996
2017-12-23,"HHS Region 7","ili perc",3,2018-01-13,"quantile",0.85,4.42100448523434
2017-12-23,"HHS Region 7","ili perc",3,2018-01-13,"quantile",0.9,5.04729124996741
2017-12-23,"HHS Region 7","ili perc",3,2018-01-13,"quantile",0.95,6.28351838536118
2017-12-23,"HHS Region 7","ili perc",3,2018-01-13,"quantile",0.975,7.10384617019441
2017-12-23,"HHS Region 7","ili perc",3,2018-01-13,"quantile",0.99,7.74793969720839
2017-12-23,"HHS Region 8","ili perc",3,2018-01-13,"quantile",0.01,0.174507545813411
2017-12-23,"HHS Region 8","ili perc",3,2018-01-13,"quantile",0.025,0.293629880533145
2017-12-23,"HHS Region 8","ili perc",3,2018-01-13,"quantile",0.05,0.446213814341583
2017-12-23,"HHS Region 8","ili perc",3,2018-01-13,"quantile",0.1,0.679874575830539
2017-12-23,"HHS Region 8","ili perc",3,2018-01-13,"quantile",0.15,0.865911538009806
2017-12-23,"HHS Region 8","ili perc",3,2018-01-13,"quantile",0.2,1.02981377960358
2017-12-23,"HHS Region 8","ili perc",3,2018-01-13,"quantile",0.25,1.18182590683182
2017-12-23,"HHS Region 8","ili perc",3,2018-01-13,"quantile",0.3,1.32796282823085
2017-12-23,"HHS Region 8","ili perc",3,2018-01-13,"quantile",0.35,1.47238734994982
2017-12-23,"HHS Region 8","ili perc",3,2018-01-13,"quantile",0.4,1.61831921220286
2017-12-23,"HHS Region 8","ili perc",3,2018-01-13,"quantile",0.45,1.76877579957157
2017-12-23,"HHS Region 8","ili perc",3,2018-01-13,"quantile",0.5,1.92675230155874
2017-12-23,"HHS Region 8","ili perc",3,2018-01-13,"quantile",0.55,2.09581306383766
2017-12-23,"HHS Region 8","ili perc",3,2018-01-13,"quantile",0.6,2.28250522410557
2017-12-23,"HHS Region 8","ili perc",3,2018-01-13,"quantile",0.65,2.49362003536064
2017-12-23,"HHS Region 8","ili perc",3,2018-01-13,"quantile",0.7,2.7414901792788
2017-12-23,"HHS Region 8","ili perc",3,2018-01-13,"quantile",0.75,3.03325450474819
2017-12-23,"HHS Region 8","ili perc",3,2018-01-13,"quantile",0.8,3.36546515685448
2017-12-23,"HHS Region 8","ili perc",3,2018-01-13,"quantile",0.85,3.73388232779277
2017-12-23,"HHS Region 8","ili perc",3,2018-01-13,"quantile",0.9,4.19146901430049
2017-12-23,"HHS Region 8","ili perc",3,2018-01-13,"quantile",0.95,8.63087701030142
2017-12-23,"HHS Region 8","ili perc",3,2018-01-13,"quantile",0.975,9.46681291524065
2017-12-23,"HHS Region 8","ili perc",3,2018-01-13,"quantile",0.99,9.94936956570457
2017-12-23,"HHS Region 9","ili perc",3,2018-01-13,"quantile",0.01,1.00645168604906
2017-12-23,"HHS Region 9","ili perc",3,2018-01-13,"quantile",0.025,1.31174174169423
2017-12-23,"HHS Region 9","ili perc",3,2018-01-13,"quantile",0.05,1.59001908510962
2017-12-23,"HHS Region 9","ili perc",3,2018-01-13,"quantile",0.1,1.93220898050129
2017-12-23,"HHS Region 9","ili perc",3,2018-01-13,"quantile",0.15,2.18313592659151
2017-12-23,"HHS Region 9","ili perc",3,2018-01-13,"quantile",0.2,2.39866268914538
2017-12-23,"HHS Region 9","ili perc",3,2018-01-13,"quantile",0.25,2.59929486744736
2017-12-23,"HHS Region 9","ili perc",3,2018-01-13,"quantile",0.3,2.79666435761621
2017-12-23,"HHS Region 9","ili perc",3,2018-01-13,"quantile",0.35,2.99825108792694
2017-12-23,"HHS Region 9","ili perc",3,2018-01-13,"quantile",0.4,3.20900539766381
2017-12-23,"HHS Region 9","ili perc",3,2018-01-13,"quantile",0.45,3.43016905842912
2017-12-23,"HHS Region 9","ili perc",3,2018-01-13,"quantile",0.5,3.65860831190561
2017-12-23,"HHS Region 9","ili perc",3,2018-01-13,"quantile",0.55,3.88966177156025
2017-12-23,"HHS Region 9","ili perc",3,2018-01-13,"quantile",0.6,4.12150642055708
2017-12-23,"HHS Region 9","ili perc",3,2018-01-13,"quantile",0.65,4.35796447606967
2017-12-23,"HHS Region 9","ili perc",3,2018-01-13,"quantile",0.7,4.60918629757718
2017-12-23,"HHS Region 9","ili perc",3,2018-01-13,"quantile",0.75,4.89788254356809
2017-12-23,"HHS Region 9","ili perc",3,2018-01-13,"quantile",0.8,5.28352847577959
2017-12-23,"HHS Region 9","ili perc",3,2018-01-13,"quantile",0.85,5.93216499529668
2017-12-23,"HHS Region 9","ili perc",3,2018-01-13,"quantile",0.9,6.70123700323353
2017-12-23,"HHS Region 9","ili perc",3,2018-01-13,"quantile",0.95,10.0660984422539
2017-12-23,"HHS Region 9","ili perc",3,2018-01-13,"quantile",0.975,11.1512013561582
2017-12-23,"HHS Region 9","ili perc",3,2018-01-13,"quantile",0.99,11.6844016788733
2017-12-23,"US National","ili perc",3,2018-01-13,"quantile",0.01,0.768819846092756
2017-12-23,"US National","ili perc",3,2018-01-13,"quantile",0.025,1.04614536719792
2017-12-23,"US National","ili perc",3,2018-01-13,"quantile",0.05,1.30175665461784
2017-12-23,"US National","ili perc",3,2018-01-13,"quantile",0.1,1.61171786041857
2017-12-23,"US National","ili perc",3,2018-01-13,"quantile",0.15,1.83591224973489
2017-12-23,"US National","ili perc",3,2018-01-13,"quantile",0.2,2.02651168854209
2017-12-23,"US National","ili perc",3,2018-01-13,"quantile",0.25,2.20080411805605
2017-12-23,"US National","ili perc",3,2018-01-13,"quantile",0.3,2.36734349430092
2017-12-23,"US National","ili perc",3,2018-01-13,"quantile",0.35,2.53253498084379
2017-12-23,"US National","ili perc",3,2018-01-13,"quantile",0.4,2.69987088531116
2017-12-23,"US National","ili perc",3,2018-01-13,"quantile",0.45,2.87305509307936
2017-12-23,"US National","ili perc",3,2018-01-13,"quantile",0.5,3.05389263199053
2017-12-23,"US National","ili perc",3,2018-01-13,"quantile",0.55,3.24408088672449
2017-12-23,"US National","ili perc",3,2018-01-13,"quantile",0.6,3.44496452740371
2017-12-23,"US National","ili perc",3,2018-01-13,"quantile",0.65,3.65797205677429
2017-12-23,"US National","ili perc",3,2018-01-13,"quantile",0.7,3.88543526974828
2017-12-23,"US National","ili perc",3,2018-01-13,"quantile",0.75,4.13286116870623
2017-12-23,"US National","ili perc",3,2018-01-13,"quantile",0.8,4.40881718305474
2017-12-23,"US National","ili perc",3,2018-01-13,"quantile",0.85,4.73180799850591
2017-12-23,"US National","ili perc",3,2018-01-13,"quantile",0.9,5.12825597045068
2017-12-23,"US National","ili perc",3,2018-01-13,"quantile",0.95,5.6501730524484
2017-12-23,"US National","ili perc",3,2018-01-13,"quantile",0.975,6.03808624371051
2017-12-23,"US National","ili perc",3,2018-01-13,"quantile",0.99,6.47683223960994
2017-12-23,"HHS Region 1","ili perc",4,2018-01-20,"quantile",0.01,0.275892292260501
2017-12-23,"HHS Region 1","ili perc",4,2018-01-20,"quantile",0.025,0.431677908875792
2017-12-23,"HHS Region 1","ili perc",4,2018-01-20,"quantile",0.05,0.597543166544804
2017-12-23,"HHS Region 1","ili perc",4,2018-01-20,"quantile",0.1,0.811274372136446
2017-12-23,"HHS Region 1","ili perc",4,2018-01-20,"quantile",0.15,0.970790743922125
2017-12-23,"HHS Region 1","ili perc",4,2018-01-20,"quantile",0.2,1.10786537425332
2017-12-23,"HHS Region 1","ili perc",4,2018-01-20,"quantile",0.25,1.2309343047795
2017-12-23,"HHS Region 1","ili perc",4,2018-01-20,"quantile",0.3,1.34674214558766
2017-12-23,"HHS Region 1","ili perc",4,2018-01-20,"quantile",0.35,1.4580022967391
2017-12-23,"HHS Region 1","ili perc",4,2018-01-20,"quantile",0.4,1.56679576705058
2017-12-23,"HHS Region 1","ili perc",4,2018-01-20,"quantile",0.45,1.67499857389184
2017-12-23,"HHS Region 1","ili perc",4,2018-01-20,"quantile",0.5,1.78459546312183
2017-12-23,"HHS Region 1","ili perc",4,2018-01-20,"quantile",0.55,1.89795289985229
2017-12-23,"HHS Region 1","ili perc",4,2018-01-20,"quantile",0.6,2.01951614996414
2017-12-23,"HHS Region 1","ili perc",4,2018-01-20,"quantile",0.65,2.15401520542262
2017-12-23,"HHS Region 1","ili perc",4,2018-01-20,"quantile",0.7,2.30925611778178
2017-12-23,"HHS Region 1","ili perc",4,2018-01-20,"quantile",0.75,2.50601228831033
2017-12-23,"HHS Region 1","ili perc",4,2018-01-20,"quantile",0.8,2.79057832065667
2017-12-23,"HHS Region 1","ili perc",4,2018-01-20,"quantile",0.85,3.242594420968
2017-12-23,"HHS Region 1","ili perc",4,2018-01-20,"quantile",0.9,3.69371158062131
2017-12-23,"HHS Region 1","ili perc",4,2018-01-20,"quantile",0.95,4.14442792475218
2017-12-23,"HHS Region 1","ili perc",4,2018-01-20,"quantile",0.975,4.46757004157551
2017-12-23,"HHS Region 1","ili perc",4,2018-01-20,"quantile",0.99,4.84341570289525
2017-12-23,"HHS Region 10","ili perc",4,2018-01-20,"quantile",0.01,0.482784675433612
2017-12-23,"HHS Region 10","ili perc",4,2018-01-20,"quantile",0.025,0.728327737368954
2017-12-23,"HHS Region 10","ili perc",4,2018-01-20,"quantile",0.05,0.969885060649622
2017-12-23,"HHS Region 10","ili perc",4,2018-01-20,"quantile",0.1,1.27914639499862
2017-12-23,"HHS Region 10","ili perc",4,2018-01-20,"quantile",0.15,1.50661536780628
2017-12-23,"HHS Region 10","ili perc",4,2018-01-20,"quantile",0.2,1.69732819718701
2017-12-23,"HHS Region 10","ili perc",4,2018-01-20,"quantile",0.25,1.8667376993432
2017-12-23,"HHS Region 10","ili perc",4,2018-01-20,"quantile",0.3,2.0238555436471
2017-12-23,"HHS Region 10","ili perc",4,2018-01-20,"quantile",0.35,2.17270012735731
2017-12-23,"HHS Region 10","ili perc",4,2018-01-20,"quantile",0.4,2.31736049688526
2017-12-23,"HHS Region 10","ili perc",4,2018-01-20,"quantile",0.45,2.46123523677731
2017-12-23,"HHS Region 10","ili perc",4,2018-01-20,"quantile",0.5,2.60804018751517
2017-12-23,"HHS Region 10","ili perc",4,2018-01-20,"quantile",0.55,2.76337040650363
2017-12-23,"HHS Region 10","ili perc",4,2018-01-20,"quantile",0.6,2.93362375032576
2017-12-23,"HHS Region 10","ili perc",4,2018-01-20,"quantile",0.65,3.13149417640024
2017-12-23,"HHS Region 10","ili perc",4,2018-01-20,"quantile",0.7,3.38351513361664
2017-12-23,"HHS Region 10","ili perc",4,2018-01-20,"quantile",0.75,3.77746193202388
2017-12-23,"HHS Region 10","ili perc",4,2018-01-20,"quantile",0.8,4.80927808467424
2017-12-23,"HHS Region 10","ili perc",4,2018-01-20,"quantile",0.85,5.56369834265861
2017-12-23,"HHS Region 10","ili perc",4,2018-01-20,"quantile",0.9,6.50458186736488
2017-12-23,"HHS Region 10","ili perc",4,2018-01-20,"quantile",0.95,7.31010626444558
2017-12-23,"HHS Region 10","ili perc",4,2018-01-20,"quantile",0.975,7.69262223387455
2017-12-23,"HHS Region 10","ili perc",4,2018-01-20,"quantile",0.99,8.07407666949114
2017-12-23,"HHS Region 2","ili perc",4,2018-01-20,"quantile",0.01,0.286153422928468
2017-12-23,"HHS Region 2","ili perc",4,2018-01-20,"quantile",0.025,0.515190529640778
2017-12-23,"HHS Region 2","ili perc",4,2018-01-20,"quantile",0.05,0.794347752561431
2017-12-23,"HHS Region 2","ili perc",4,2018-01-20,"quantile",0.1,1.19231169323501
2017-12-23,"HHS Region 2","ili perc",4,2018-01-20,"quantile",0.15,1.50021128179573
2017-12-23,"HHS Region 2","ili perc",4,2018-01-20,"quantile",0.2,1.76621468581344
2017-12-23,"HHS Region 2","ili perc",4,2018-01-20,"quantile",0.25,2.01178836174568
2017-12-23,"HHS Region 2","ili perc",4,2018-01-20,"quantile",0.3,2.24722607672971
2017-12-23,"HHS Region 2","ili perc",4,2018-01-20,"quantile",0.35,2.48045579437895
2017-12-23,"HHS Region 2","ili perc",4,2018-01-20,"quantile",0.4,2.71755792051507
2017-12-23,"HHS Region 2","ili perc",4,2018-01-20,"quantile",0.45,2.96440149353718
2017-12-23,"HHS Region 2","ili perc",4,2018-01-20,"quantile",0.5,3.22675325265729
2017-12-23,"HHS Region 2","ili perc",4,2018-01-20,"quantile",0.55,3.51104889186864
2017-12-23,"HHS Region 2","ili perc",4,2018-01-20,"quantile",0.6,3.82439129030282
2017-12-23,"HHS Region 2","ili perc",4,2018-01-20,"quantile",0.65,4.17219641326164
2017-12-23,"HHS Region 2","ili perc",4,2018-01-20,"quantile",0.7,4.55814565519998
2017-12-23,"HHS Region 2","ili perc",4,2018-01-20,"quantile",0.75,4.98490475013656
2017-12-23,"HHS Region 2","ili perc",4,2018-01-20,"quantile",0.8,5.46357708928876
2017-12-23,"HHS Region 2","ili perc",4,2018-01-20,"quantile",0.85,6.02334711501706
2017-12-23,"HHS Region 2","ili perc",4,2018-01-20,"quantile",0.9,6.70768482337561
2017-12-23,"HHS Region 2","ili perc",4,2018-01-20,"quantile",0.95,7.56047393169096
2017-12-23,"HHS Region 2","ili perc",4,2018-01-20,"quantile",0.975,8.14811906721512
2017-12-23,"HHS Region 2","ili perc",4,2018-01-20,"quantile",0.99,8.73981701343453
2017-12-23,"HHS Region 3","ili perc",4,2018-01-20,"quantile",0.01,0.597808207809596
2017-12-23,"HHS Region 3","ili perc",4,2018-01-20,"quantile",0.025,0.931286614446246
2017-12-23,"HHS Region 3","ili perc",4,2018-01-20,"quantile",0.05,1.26305423158548
2017-12-23,"HHS Region 3","ili perc",4,2018-01-20,"quantile",0.1,1.69328188858267
2017-12-23,"HHS Region 3","ili perc",4,2018-01-20,"quantile",0.15,2.0176762593656
2017-12-23,"HHS Region 3","ili perc",4,2018-01-20,"quantile",0.2,2.30151848400048
2017-12-23,"HHS Region 3","ili perc",4,2018-01-20,"quantile",0.25,2.56454359459868
2017-12-23,"HHS Region 3","ili perc",4,2018-01-20,"quantile",0.3,2.81474156068803
2017-12-23,"HHS Region 3","ili perc",4,2018-01-20,"quantile",0.35,3.05318858389656
2017-12-23,"HHS Region 3","ili perc",4,2018-01-20,"quantile",0.4,3.28062792100473
2017-12-23,"HHS Region 3","ili perc",4,2018-01-20,"quantile",0.45,3.49814784679544
2017-12-23,"HHS Region 3","ili perc",4,2018-01-20,"quantile",0.5,3.70838001486498
2017-12-23,"HHS Region 3","ili perc",4,2018-01-20,"quantile",0.55,3.91559736693326
2017-12-23,"HHS Region 3","ili perc",4,2018-01-20,"quantile",0.6,4.12486603766563
2017-12-23,"HHS Region 3","ili perc",4,2018-01-20,"quantile",0.65,4.34256927982791
2017-12-23,"HHS Region 3","ili perc",4,2018-01-20,"quantile",0.7,4.5772663265105
2017-12-23,"HHS Region 3","ili perc",4,2018-01-20,"quantile",0.75,4.8439417939221
2017-12-23,"HHS Region 3","ili perc",4,2018-01-20,"quantile",0.8,5.17089143958401
2017-12-23,"HHS Region 3","ili perc",4,2018-01-20,"quantile",0.85,5.64370483076113
2017-12-23,"HHS Region 3","ili perc",4,2018-01-20,"quantile",0.9,6.80872180225043
2017-12-23,"HHS Region 3","ili perc",4,2018-01-20,"quantile",0.95,8.30691128501351
2017-12-23,"HHS Region 3","ili perc",4,2018-01-20,"quantile",0.975,9.00460399475134
2017-12-23,"HHS Region 3","ili perc",4,2018-01-20,"quantile",0.99,9.60605667720924
2017-12-23,"HHS Region 4","ili perc",4,2018-01-20,"quantile",0.01,0.918669215560118
2017-12-23,"HHS Region 4","ili perc",4,2018-01-20,"quantile",0.025,1.1373222963747
2017-12-23,"HHS Region 4","ili perc",4,2018-01-20,"quantile",0.05,1.3349594931644
2017-12-23,"HHS Region 4","ili perc",4,2018-01-20,"quantile",0.1,1.57596417148017
2017-12-23,"HHS Region 4","ili perc",4,2018-01-20,"quantile",0.15,1.7486565806716
2017-12-23,"HHS Region 4","ili perc",4,2018-01-20,"quantile",0.2,1.89534460352033
2017-12-23,"HHS Region 4","ili perc",4,2018-01-20,"quantile",0.25,2.02750111500025
2017-12-23,"HHS Region 4","ili perc",4,2018-01-20,"quantile",0.3,2.15370364808827
2017-12-23,"HHS Region 4","ili perc",4,2018-01-20,"quantile",0.35,2.27790849628566
2017-12-23,"HHS Region 4","ili perc",4,2018-01-20,"quantile",0.4,2.40308268249914
2017-12-23,"HHS Region 4","ili perc",4,2018-01-20,"quantile",0.45,2.53261890739854
2017-12-23,"HHS Region 4","ili perc",4,2018-01-20,"quantile",0.5,2.66862653538701
2017-12-23,"HHS Region 4","ili perc",4,2018-01-20,"quantile",0.55,2.8142276933103
2017-12-23,"HHS Region 4","ili perc",4,2018-01-20,"quantile",0.6,2.97366847316982
2017-12-23,"HHS Region 4","ili perc",4,2018-01-20,"quantile",0.65,3.15017874319811
2017-12-23,"HHS Region 4","ili perc",4,2018-01-20,"quantile",0.7,3.34660731541402
2017-12-23,"HHS Region 4","ili perc",4,2018-01-20,"quantile",0.75,3.56410380000717
2017-12-23,"HHS Region 4","ili perc",4,2018-01-20,"quantile",0.8,3.80284323317937
2017-12-23,"HHS Region 4","ili perc",4,2018-01-20,"quantile",0.85,4.07123514867134
2017-12-23,"HHS Region 4","ili perc",4,2018-01-20,"quantile",0.9,4.39390832710079
2017-12-23,"HHS Region 4","ili perc",4,2018-01-20,"quantile",0.95,4.84996281873792
2017-12-23,"HHS Region 4","ili perc",4,2018-01-20,"quantile",0.975,5.20628792343908
2017-12-23,"HHS Region 4","ili perc",4,2018-01-20,"quantile",0.99,5.60211498370396
2017-12-23,"HHS Region 5","ili perc",4,2018-01-20,"quantile",0.01,0.581857688610218
2017-12-23,"HHS Region 5","ili perc",4,2018-01-20,"quantile",0.025,0.817963533246962
2017-12-23,"HHS Region 5","ili perc",4,2018-01-20,"quantile",0.05,1.03730072720048
2017-12-23,"HHS Region 5","ili perc",4,2018-01-20,"quantile",0.1,1.31236697573855
2017-12-23,"HHS Region 5","ili perc",4,2018-01-20,"quantile",0.15,1.51242720944467
2017-12-23,"HHS Region 5","ili perc",4,2018-01-20,"quantile",0.2,1.68300096342658
2017-12-23,"HHS Region 5","ili perc",4,2018-01-20,"quantile",0.25,1.83997180020184
2017-12-23,"HHS Region 5","ili perc",4,2018-01-20,"quantile",0.3,1.99130856779198
2017-12-23,"HHS Region 5","ili perc",4,2018-01-20,"quantile",0.35,2.14144034319261
2017-12-23,"HHS Region 5","ili perc",4,2018-01-20,"quantile",0.4,2.29307692033262
2017-12-23,"HHS Region 5","ili perc",4,2018-01-20,"quantile",0.45,2.44771764143643
2017-12-23,"HHS Region 5","ili perc",4,2018-01-20,"quantile",0.5,2.60464936858566
2017-12-23,"HHS Region 5","ili perc",4,2018-01-20,"quantile",0.55,2.76300374661573
2017-12-23,"HHS Region 5","ili perc",4,2018-01-20,"quantile",0.6,2.92180046652501
2017-12-23,"HHS Region 5","ili perc",4,2018-01-20,"quantile",0.65,3.08166169279866
2017-12-23,"HHS Region 5","ili perc",4,2018-01-20,"quantile",0.7,3.24549735378457
2017-12-23,"HHS Region 5","ili perc",4,2018-01-20,"quantile",0.75,3.41812998860027
2017-12-23,"HHS Region 5","ili perc",4,2018-01-20,"quantile",0.8,3.60947239494968
2017-12-23,"HHS Region 5","ili perc",4,2018-01-20,"quantile",0.85,3.84116617510605
2017-12-23,"HHS Region 5","ili perc",4,2018-01-20,"quantile",0.9,4.17242918996172
2017-12-23,"HHS Region 5","ili perc",4,2018-01-20,"quantile",0.95,5.50016686612949
2017-12-23,"HHS Region 5","ili perc",4,2018-01-20,"quantile",0.975,6.25927738696897
2017-12-23,"HHS Region 5","ili perc",4,2018-01-20,"quantile",0.99,6.73132507183143
2017-12-23,"HHS Region 6","ili perc",4,2018-01-20,"quantile",0.01,0.999216366950549
2017-12-23,"HHS Region 6","ili perc",4,2018-01-20,"quantile",0.025,1.49378582649653
2017-12-23,"HHS Region 6","ili perc",4,2018-01-20,"quantile",0.05,1.96635838752335
2017-12-23,"HHS Region 6","ili perc",4,2018-01-20,"quantile",0.1,2.56433743151519
2017-12-23,"HHS Region 6","ili perc",4,2018-01-20,"quantile",0.15,3.00185687865486
2017-12-23,"HHS Region 6","ili perc",4,2018-01-20,"quantile",0.2,3.36850236335757
2017-12-23,"HHS Region 6","ili perc",4,2018-01-20,"quantile",0.25,3.69644947455657
2017-12-23,"HHS Region 6","ili perc",4,2018-01-20,"quantile",0.3,3.99898022145764
2017-12-23,"HHS Region 6","ili perc",4,2018-01-20,"quantile",0.35,4.28404153832674
2017-12-23,"HHS Region 6","ili perc",4,2018-01-20,"quantile",0.4,4.55671489016642
2017-12-23,"HHS Region 6","ili perc",4,2018-01-20,"quantile",0.45,4.82055548619632
2017-12-23,"HHS Region 6","ili perc",4,2018-01-20,"quantile",0.5,5.07821917051817
2017-12-23,"HHS Region 6","ili perc",4,2018-01-20,"quantile",0.55,5.33244684468482
2017-12-23,"HHS Region 6","ili perc",4,2018-01-20,"quantile",0.6,5.58606153235634
2017-12-23,"HHS Region 6","ili perc",4,2018-01-20,"quantile",0.65,5.84251195240964
2017-12-23,"HHS Region 6","ili perc",4,2018-01-20,"quantile",0.7,6.10586497238427
2017-12-23,"HHS Region 6","ili perc",4,2018-01-20,"quantile",0.75,6.38255582837526
2017-12-23,"HHS Region 6","ili perc",4,2018-01-20,"quantile",0.8,6.68158558369646
2017-12-23,"HHS Region 6","ili perc",4,2018-01-20,"quantile",0.85,7.01911693223829
2017-12-23,"HHS Region 6","ili perc",4,2018-01-20,"quantile",0.9,7.42898026044172
2017-12-23,"HHS Region 6","ili perc",4,2018-01-20,"quantile",0.95,8.01003547473612
2017-12-23,"HHS Region 6","ili perc",4,2018-01-20,"quantile",0.975,8.49544238649513
2017-12-23,"HHS Region 6","ili perc",4,2018-01-20,"quantile",0.99,9.05300714348392
2017-12-23,"HHS Region 7","ili perc",4,2018-01-20,"quantile",0.01,0.257824911643453
2017-12-23,"HHS Region 7","ili perc",4,2018-01-20,"quantile",0.025,0.466762711131695
2017-12-23,"HHS Region 7","ili perc",4,2018-01-20,"quantile",0.05,0.72959880791293
2017-12-23,"HHS Region 7","ili perc",4,2018-01-20,"quantile",0.1,1.11458037708559
2017-12-23,"HHS Region 7","ili perc",4,2018-01-20,"quantile",0.15,1.41455878337206
2017-12-23,"HHS Region 7","ili perc",4,2018-01-20,"quantile",0.2,1.67280727541083
2017-12-23,"HHS Region 7","ili perc",4,2018-01-20,"quantile",0.25,1.90757918970957
2017-12-23,"HHS Region 7","ili perc",4,2018-01-20,"quantile",0.3,2.12748056216245
2017-12-23,"HHS Region 7","ili perc",4,2018-01-20,"quantile",0.35,2.33884222540454
2017-12-23,"HHS Region 7","ili perc",4,2018-01-20,"quantile",0.4,2.54565032800439
2017-12-23,"HHS Region 7","ili perc",4,2018-01-20,"quantile",0.45,2.75115803252398
2017-12-23,"HHS Region 7","ili perc",4,2018-01-20,"quantile",0.5,2.95830589822332
2017-12-23,"HHS Region 7","ili perc",4,2018-01-20,"quantile",0.55,3.17004592732063
2017-12-23,"HHS Region 7","ili perc",4,2018-01-20,"quantile",0.6,3.38963667696133
2017-12-23,"HHS Region 7","ili perc",4,2018-01-20,"quantile",0.65,3.62160539543478
2017-12-23,"HHS Region 7","ili perc",4,2018-01-20,"quantile",0.7,3.87149717864633
2017-12-23,"HHS Region 7","ili perc",4,2018-01-20,"quantile",0.75,4.14840956774924
2017-12-23,"HHS Region 7","ili perc",4,2018-01-20,"quantile",0.8,4.46803600554924
2017-12-23,"HHS Region 7","ili perc",4,2018-01-20,"quantile",0.85,4.86488207563669
2017-12-23,"HHS Region 7","ili perc",4,2018-01-20,"quantile",0.9,5.44325257676648
2017-12-23,"HHS Region 7","ili perc",4,2018-01-20,"quantile",0.95,7.12433803465121
2017-12-23,"HHS Region 7","ili perc",4,2018-01-20,"quantile",0.975,8.33364792266643
2017-12-23,"HHS Region 7","ili perc",4,2018-01-20,"quantile",0.99,9.07991703427983
2017-12-23,"HHS Region 8","ili perc",4,2018-01-20,"quantile",0.01,0.304544803239059
2017-12-23,"HHS Region 8","ili perc",4,2018-01-20,"quantile",0.025,0.454449188529516
2017-12-23,"HHS Region 8","ili perc",4,2018-01-20,"quantile",0.05,0.609232000883962
2017-12-23,"HHS Region 8","ili perc",4,2018-01-20,"quantile",0.1,0.801383501648879
2017-12-23,"HHS Region 8","ili perc",4,2018-01-20,"quantile",0.15,0.93794936290356
2017-12-23,"HHS Region 8","ili perc",4,2018-01-20,"quantile",0.2,1.05459371339942
2017-12-23,"HHS Region 8","ili perc",4,2018-01-20,"quantile",0.25,1.16121981792705
2017-12-23,"HHS Region 8","ili perc",4,2018-01-20,"quantile",0.3,1.26440165153939
2017-12-23,"HHS Region 8","ili perc",4,2018-01-20,"quantile",0.35,1.36943197690521
2017-12-23,"HHS Region 8","ili perc",4,2018-01-20,"quantile",0.4,1.48181133949661
2017-12-23,"HHS Region 8","ili perc",4,2018-01-20,"quantile",0.45,1.60962806627489
2017-12-23,"HHS Region 8","ili perc",4,2018-01-20,"quantile",0.5,1.76692697784865
2017-12-23,"HHS Region 8","ili perc",4,2018-01-20,"quantile",0.55,1.96647233927265
2017-12-23,"HHS Region 8","ili perc",4,2018-01-20,"quantile",0.6,2.20839888657426
2017-12-23,"HHS Region 8","ili perc",4,2018-01-20,"quantile",0.65,2.46883366358478
2017-12-23,"HHS Region 8","ili perc",4,2018-01-20,"quantile",0.7,2.73837379867226
2017-12-23,"HHS Region 8","ili perc",4,2018-01-20,"quantile",0.75,3.0427821424312
2017-12-23,"HHS Region 8","ili perc",4,2018-01-20,"quantile",0.8,3.42101452430354
2017-12-23,"HHS Region 8","ili perc",4,2018-01-20,"quantile",0.85,3.79427520535591
2017-12-23,"HHS Region 8","ili perc",4,2018-01-20,"quantile",0.9,4.1511402585755
2017-12-23,"HHS Region 8","ili perc",4,2018-01-20,"quantile",0.95,7.83328698184898
2017-12-23,"HHS Region 8","ili perc",4,2018-01-20,"quantile",0.975,8.3745453632279
2017-12-23,"HHS Region 8","ili perc",4,2018-01-20,"quantile",0.99,8.70931527427731
2017-12-23,"HHS Region 9","ili perc",4,2018-01-20,"quantile",0.01,1.43243647156371
2017-12-23,"HHS Region 9","ili perc",4,2018-01-20,"quantile",0.025,1.70059262024052
2017-12-23,"HHS Region 9","ili perc",4,2018-01-20,"quantile",0.05,1.99628070591451
2017-12-23,"HHS Region 9","ili perc",4,2018-01-20,"quantile",0.1,2.35845378375371
2017-12-23,"HHS Region 9","ili perc",4,2018-01-20,"quantile",0.15,2.57917016158545
2017-12-23,"HHS Region 9","ili perc",4,2018-01-20,"quantile",0.2,2.75131821123539
2017-12-23,"HHS Region 9","ili perc",4,2018-01-20,"quantile",0.25,2.90992097057737
2017-12-23,"HHS Region 9","ili perc",4,2018-01-20,"quantile",0.3,3.07514144868018
2017-12-23,"HHS Region 9","ili perc",4,2018-01-20,"quantile",0.35,3.27502967383256
2017-12-23,"HHS Region 9","ili perc",4,2018-01-20,"quantile",0.4,3.58621168232242
2017-12-23,"HHS Region 9","ili perc",4,2018-01-20,"quantile",0.45,3.99754420246902
2017-12-23,"HHS Region 9","ili perc",4,2018-01-20,"quantile",0.5,4.22684107766888
2017-12-23,"HHS Region 9","ili perc",4,2018-01-20,"quantile",0.55,4.38623056309753
2017-12-23,"HHS Region 9","ili perc",4,2018-01-20,"quantile",0.6,4.51748258678119
2017-12-23,"HHS Region 9","ili perc",4,2018-01-20,"quantile",0.65,4.63722532892898
2017-12-23,"HHS Region 9","ili perc",4,2018-01-20,"quantile",0.7,4.75475331614662
2017-12-23,"HHS Region 9","ili perc",4,2018-01-20,"quantile",0.75,4.87734277792841
2017-12-23,"HHS Region 9","ili perc",4,2018-01-20,"quantile",0.8,5.01608261775174
2017-12-23,"HHS Region 9","ili perc",4,2018-01-20,"quantile",0.85,5.19275265357385
2017-12-23,"HHS Region 9","ili perc",4,2018-01-20,"quantile",0.9,5.47924791496627
2017-12-23,"HHS Region 9","ili perc",4,2018-01-20,"quantile",0.95,6.80471810425736
2017-12-23,"HHS Region 9","ili perc",4,2018-01-20,"quantile",0.975,7.30906827025525
2017-12-23,"HHS Region 9","ili perc",4,2018-01-20,"quantile",0.99,7.64603495958445
2017-12-23,"US National","ili perc",4,2018-01-20,"quantile",0.01,1.08878053528436
2017-12-23,"US National","ili perc",4,2018-01-20,"quantile",0.025,1.34877768973197
2017-12-23,"US National","ili perc",4,2018-01-20,"quantile",0.05,1.59604308831781
2017-12-23,"US National","ili perc",4,2018-01-20,"quantile",0.1,1.90818278854591
2017-12-23,"US National","ili perc",4,2018-01-20,"quantile",0.15,2.14218894408643
2017-12-23,"US National","ili perc",4,2018-01-20,"quantile",0.2,2.34715610487572
2017-12-23,"US National","ili perc",4,2018-01-20,"quantile",0.25,2.53980634891843
2017-12-23,"US National","ili perc",4,2018-01-20,"quantile",0.3,2.7280279549281
2017-12-23,"US National","ili perc",4,2018-01-20,"quantile",0.35,2.9136420824081
2017-12-23,"US National","ili perc",4,2018-01-20,"quantile",0.4,3.09372668515646
2017-12-23,"US National","ili perc",4,2018-01-20,"quantile",0.45,3.26374623798309
2017-12-23,"US National","ili perc",4,2018-01-20,"quantile",0.5,3.4234046009657
2017-12-23,"US National","ili perc",4,2018-01-20,"quantile",0.55,3.57402314789754
2017-12-23,"US National","ili perc",4,2018-01-20,"quantile",0.6,3.71938748714152
2017-12-23,"US National","ili perc",4,2018-01-20,"quantile",0.65,3.86369421571058
2017-12-23,"US National","ili perc",4,2018-01-20,"quantile",0.7,4.01221493045613
2017-12-23,"US National","ili perc",4,2018-01-20,"quantile",0.75,4.17327328241325
2017-12-23,"US National","ili perc",4,2018-01-20,"quantile",0.8,4.3603556346805
2017-12-23,"US National","ili perc",4,2018-01-20,"quantile",0.85,4.60264785646582
2017-12-23,"US National","ili perc",4,2018-01-20,"quantile",0.9,4.98442343333538
2017-12-23,"US National","ili perc",4,2018-01-20,"quantile",0.95,5.5420383368275
2017-12-23,"US National","ili perc",4,2018-01-20,"quantile",0.975,5.9013141804361
2017-12-23,"US National","ili perc",4,2018-01-20,"quantile",0.99,6.28243017364737
