"location","target","horizon","target_end_date","output_type","output_type_id","value"
"HHS Region 1","ili perc",1,2019-11-23,"quantile",0.01,0.971153011029381
"HHS Region 1","ili perc",1,2019-11-23,"quantile",0.025,1.12727293125321
"HHS Region 1","ili perc",1,2019-11-23,"quantile",0.05,1.34709621798729
"HHS Region 1","ili perc",1,2019-11-23,"quantile",0.1,1.37521659627257
"HHS Region 1","ili perc",1,2019-11-23,"quantile",0.15,1.44881664669952
"HHS Region 1","ili perc",1,2019-11-23,"quantile",0.2,1.49042576632282
"HHS Region 1","ili perc",1,2019-11-23,"quantile",0.25,1.55321283211897
"HHS Region 1","ili perc",1,2019-11-23,"quantile",0.3,1.58924263125459
"HHS Region 1","ili perc",1,2019-11-23,"quantile",0.35,1.63469028674551
"HHS Region 1","ili perc",1,2019-11-23,"quantile",0.4,1.65836991555839
"HHS Region 1","ili perc",1,2019-11-23,"quantile",0.45,1.67463883511234
"HHS Region 1","ili perc",1,2019-11-23,"quantile",0.5,1.69317723891326
"HHS Region 1","ili perc",1,2019-11-23,"quantile",0.55,1.71063807990016
"HHS Region 1","ili perc",1,2019-11-23,"quantile",0.6,1.73746057123809
"HHS Region 1","ili perc",1,2019-11-23,"quantile",0.65,1.75904358446284
"HHS Region 1","ili perc",1,2019-11-23,"quantile",0.7,1.79840752937262
"HHS Region 1","ili perc",1,2019-11-23,"quantile",0.75,1.81651433780405
"HHS Region 1","ili perc",1,2019-11-23,"quantile",0.8,1.85127185259064
"HHS Region 1","ili perc",1,2019-11-23,"quantile",0.85,1.87157502831999
"HHS Region 1","ili perc",1,2019-11-23,"quantile",0.9,1.88980083785332
"HHS Region 1","ili perc",1,2019-11-23,"quantile",0.95,2.00138228384479
"HHS Region 1","ili perc",1,2019-11-23,"quantile",0.975,2.31387015103438
"HHS Region 1","ili perc",1,2019-11-23,"quantile",0.99,2.73242692717228
"HHS Region 1","ili perc",2,2019-11-30,"quantile",0.01,1.11802110555591
"HHS Region 1","ili perc",2,2019-11-30,"quantile",0.025,1.2207902056315
"HHS Region 1","ili perc",2,2019-11-30,"quantile",0.05,1.28605657018685
"HHS Region 1","ili perc",2,2019-11-30,"quantile",0.1,1.42858827528175
"HHS Region 1","ili perc",2,2019-11-30,"quantile",0.15,1.49974574916885
"HHS Region 1","ili perc",2,2019-11-30,"quantile",0.2,1.54720738634947
"HHS Region 1","ili perc",2,2019-11-30,"quantile",0.25,1.59848858330255
"HHS Region 1","ili perc",2,2019-11-30,"quantile",0.3,1.6441568853718
"HHS Region 1","ili perc",2,2019-11-30,"quantile",0.35,1.67945111047009
"HHS Region 1","ili perc",2,2019-11-30,"quantile",0.4,1.71193443895034
"HHS Region 1","ili perc",2,2019-11-30,"quantile",0.45,1.76585494625273
"HHS Region 1","ili perc",2,2019-11-30,"quantile",0.5,1.78758283722774
"HHS Region 1","ili perc",2,2019-11-30,"quantile",0.55,1.83106776653966
"HHS Region 1","ili perc",2,2019-11-30,"quantile",0.6,1.87554589333926
"HHS Region 1","ili perc",2,2019-11-30,"quantile",0.65,1.89772765492915
"HHS Region 1","ili perc",2,2019-11-30,"quantile",0.7,1.97025924766057
"HHS Region 1","ili perc",2,2019-11-30,"quantile",0.75,2.00253121950296
"HHS Region 1","ili perc",2,2019-11-30,"quantile",0.8,2.03757088326927
"HHS Region 1","ili perc",2,2019-11-30,"quantile",0.85,2.08115373724238
"HHS Region 1","ili perc",2,2019-11-30,"quantile",0.9,2.259530908417
"HHS Region 1","ili perc",2,2019-11-30,"quantile",0.95,2.48738439562358
"HHS Region 1","ili perc",2,2019-11-30,"quantile",0.975,2.6698394327407
"HHS Region 1","ili perc",2,2019-11-30,"quantile",0.99,3.47377456556113
"HHS Region 1","ili perc",3,2019-12-07,"quantile",0.01,1.40981395926838
"HHS Region 1","ili perc",3,2019-12-07,"quantile",0.025,1.45186179179554
"HHS Region 1","ili perc",3,2019-12-07,"quantile",0.05,1.48984053029535
"HHS Region 1","ili perc",3,2019-12-07,"quantile",0.1,1.63218185256503
"HHS Region 1","ili perc",3,2019-12-07,"quantile",0.15,1.70116364244193
"HHS Region 1","ili perc",3,2019-12-07,"quantile",0.2,1.72005854660824
"HHS Region 1","ili perc",3,2019-12-07,"quantile",0.25,1.77706353606473
"HHS Region 1","ili perc",3,2019-12-07,"quantile",0.3,1.81210068864127
"HHS Region 1","ili perc",3,2019-12-07,"quantile",0.35,1.90379732912275
"HHS Region 1","ili perc",3,2019-12-07,"quantile",0.4,1.97756851861535
"HHS Region 1","ili perc",3,2019-12-07,"quantile",0.45,2.01375000655606
"HHS Region 1","ili perc",3,2019-12-07,"quantile",0.5,2.08083694117757
"HHS Region 1","ili perc",3,2019-12-07,"quantile",0.55,2.09311933359486
"HHS Region 1","ili perc",3,2019-12-07,"quantile",0.6,2.14343506570568
"HHS Region 1","ili perc",3,2019-12-07,"quantile",0.65,2.17574864158218
"HHS Region 1","ili perc",3,2019-12-07,"quantile",0.7,2.21929732611889
"HHS Region 1","ili perc",3,2019-12-07,"quantile",0.75,2.2736985334297
"HHS Region 1","ili perc",3,2019-12-07,"quantile",0.8,2.40192769364595
"HHS Region 1","ili perc",3,2019-12-07,"quantile",0.85,2.4827776866748
"HHS Region 1","ili perc",3,2019-12-07,"quantile",0.9,2.54919913028772
"HHS Region 1","ili perc",3,2019-12-07,"quantile",0.95,2.67095370705695
"HHS Region 1","ili perc",3,2019-12-07,"quantile",0.975,3.01380841868609
"HHS Region 1","ili perc",3,2019-12-07,"quantile",0.99,3.37253433378537
"HHS Region 1","ili perc",4,2019-12-14,"quantile",0.01,1.53542253567055
"HHS Region 1","ili perc",4,2019-12-14,"quantile",0.025,1.55690468812057
"HHS Region 1","ili perc",4,2019-12-14,"quantile",0.05,1.66712308258719
"HHS Region 1","ili perc",4,2019-12-14,"quantile",0.1,1.78283697153818
"HHS Region 1","ili perc",4,2019-12-14,"quantile",0.15,1.84132078869039
"HHS Region 1","ili perc",4,2019-12-14,"quantile",0.2,1.92039781769299
"HHS Region 1","ili perc",4,2019-12-14,"quantile",0.25,1.99664332466963
"HHS Region 1","ili perc",4,2019-12-14,"quantile",0.3,2.08677951567755
"HHS Region 1","ili perc",4,2019-12-14,"quantile",0.35,2.13081398713856
"HHS Region 1","ili perc",4,2019-12-14,"quantile",0.4,2.18404764962362
"HHS Region 1","ili perc",4,2019-12-14,"quantile",0.45,2.20977489918029
"HHS Region 1","ili perc",4,2019-12-14,"quantile",0.5,2.2666199275236
"HHS Region 1","ili perc",4,2019-12-14,"quantile",0.55,2.36720988252849
"HHS Region 1","ili perc",4,2019-12-14,"quantile",0.6,2.45758219927773
"HHS Region 1","ili perc",4,2019-12-14,"quantile",0.65,2.51165747184711
"HHS Region 1","ili perc",4,2019-12-14,"quantile",0.7,2.5587711222241
"HHS Region 1","ili perc",4,2019-12-14,"quantile",0.75,2.63245297229729
"HHS Region 1","ili perc",4,2019-12-14,"quantile",0.8,2.68027356029609
"HHS Region 1","ili perc",4,2019-12-14,"quantile",0.85,2.73855432318616
"HHS Region 1","ili perc",4,2019-12-14,"quantile",0.9,2.84420941300794
"HHS Region 1","ili perc",4,2019-12-14,"quantile",0.95,3.04006497958966
"HHS Region 1","ili perc",4,2019-12-14,"quantile",0.975,3.5718583726481
"HHS Region 1","ili perc",4,2019-12-14,"quantile",0.99,4.26856716806089
"HHS Region 10","ili perc",1,2019-11-23,"quantile",0.01,1.0778628456157
"HHS Region 10","ili perc",1,2019-11-23,"quantile",0.025,1.15328161141773
"HHS Region 10","ili perc",1,2019-11-23,"quantile",0.05,1.17703485556457
"HHS Region 10","ili perc",1,2019-11-23,"quantile",0.1,1.30536851912158
"HHS Region 10","ili perc",1,2019-11-23,"quantile",0.15,1.34865830668876
"HHS Region 10","ili perc",1,2019-11-23,"quantile",0.2,1.42223877389804
"HHS Region 10","ili perc",1,2019-11-23,"quantile",0.25,1.5069160924425
"HHS Region 10","ili perc",1,2019-11-23,"quantile",0.3,1.60871932171413
"HHS Region 10","ili perc",1,2019-11-23,"quantile",0.35,1.65713806391176
"HHS Region 10","ili perc",1,2019-11-23,"quantile",0.4,1.68266874299116
"HHS Region 10","ili perc",1,2019-11-23,"quantile",0.45,1.7429376535985
"HHS Region 10","ili perc",1,2019-11-23,"quantile",0.5,1.7847880659574
"HHS Region 10","ili perc",1,2019-11-23,"quantile",0.55,1.81068507372036
"HHS Region 10","ili perc",1,2019-11-23,"quantile",0.6,1.85762503814638
"HHS Region 10","ili perc",1,2019-11-23,"quantile",0.65,1.90446790004892
"HHS Region 10","ili perc",1,2019-11-23,"quantile",0.7,1.92573117791399
"HHS Region 10","ili perc",1,2019-11-23,"quantile",0.75,1.96552026892727
"HHS Region 10","ili perc",1,2019-11-23,"quantile",0.8,2.03238377775302
"HHS Region 10","ili perc",1,2019-11-23,"quantile",0.85,2.12842057913909
"HHS Region 10","ili perc",1,2019-11-23,"quantile",0.9,2.22148636356123
"HHS Region 10","ili perc",1,2019-11-23,"quantile",0.95,2.36305250710597
"HHS Region 10","ili perc",1,2019-11-23,"quantile",0.975,2.53475668404103
"HHS Region 10","ili perc",1,2019-11-23,"quantile",0.99,3.04613843470779
"HHS Region 10","ili perc",2,2019-11-30,"quantile",0.01,0.728931166119145
"HHS Region 10","ili perc",2,2019-11-30,"quantile",0.025,0.926685274842173
"HHS Region 10","ili perc",2,2019-11-30,"quantile",0.05,1.0642715158897
"HHS Region 10","ili perc",2,2019-11-30,"quantile",0.1,1.25360972938885
"HHS Region 10","ili perc",2,2019-11-30,"quantile",0.15,1.3062933755702
"HHS Region 10","ili perc",2,2019-11-30,"quantile",0.2,1.39433711022517
"HHS Region 10","ili perc",2,2019-11-30,"quantile",0.25,1.51940780575571
"HHS Region 10","ili perc",2,2019-11-30,"quantile",0.3,1.61644309250079
"HHS Region 10","ili perc",2,2019-11-30,"quantile",0.35,1.65675511254768
"HHS Region 10","ili perc",2,2019-11-30,"quantile",0.4,1.69760709012224
"HHS Region 10","ili perc",2,2019-11-30,"quantile",0.45,1.72811016506354
"HHS Region 10","ili perc",2,2019-11-30,"quantile",0.5,1.76248695033937
"HHS Region 10","ili perc",2,2019-11-30,"quantile",0.55,1.81827758052598
"HHS Region 10","ili perc",2,2019-11-30,"quantile",0.6,1.82966795216599
"HHS Region 10","ili perc",2,2019-11-30,"quantile",0.65,1.91929528648422
"HHS Region 10","ili perc",2,2019-11-30,"quantile",0.7,1.99438168405664
"HHS Region 10","ili perc",2,2019-11-30,"quantile",0.75,2.19856663821013
"HHS Region 10","ili perc",2,2019-11-30,"quantile",0.8,2.35515590984588
"HHS Region 10","ili perc",2,2019-11-30,"quantile",0.85,2.45459963412203
"HHS Region 10","ili perc",2,2019-11-30,"quantile",0.9,2.69352343782388
"HHS Region 10","ili perc",2,2019-11-30,"quantile",0.95,3.43547256022366
"HHS Region 10","ili perc",2,2019-11-30,"quantile",0.975,4.11224626578302
"HHS Region 10","ili perc",2,2019-11-30,"quantile",0.99,4.40710556518383
"HHS Region 10","ili perc",3,2019-12-07,"quantile",0.01,0.932790090119591
"HHS Region 10","ili perc",3,2019-12-07,"quantile",0.025,1.03145715911639
"HHS Region 10","ili perc",3,2019-12-07,"quantile",0.05,1.13325859685367
"HHS Region 10","ili perc",3,2019-12-07,"quantile",0.1,1.35432060902896
"HHS Region 10","ili perc",3,2019-12-07,"quantile",0.15,1.49158201091903
"HHS Region 10","ili perc",3,2019-12-07,"quantile",0.2,1.61850839010192
"HHS Region 10","ili perc",3,2019-12-07,"quantile",0.25,1.67718692388442
"HHS Region 10","ili perc",3,2019-12-07,"quantile",0.3,1.71685332062135
"HHS Region 10","ili perc",3,2019-12-07,"quantile",0.35,1.74864256775142
"HHS Region 10","ili perc",3,2019-12-07,"quantile",0.4,1.78515711477273
"HHS Region 10","ili perc",3,2019-12-07,"quantile",0.45,1.82582075914048
"HHS Region 10","ili perc",3,2019-12-07,"quantile",0.5,1.89461254391184
"HHS Region 10","ili perc",3,2019-12-07,"quantile",0.55,1.95467013435965
"HHS Region 10","ili perc",3,2019-12-07,"quantile",0.6,1.99446260146486
"HHS Region 10","ili perc",3,2019-12-07,"quantile",0.65,2.04005334874785
"HHS Region 10","ili perc",3,2019-12-07,"quantile",0.7,2.08938821486088
"HHS Region 10","ili perc",3,2019-12-07,"quantile",0.75,2.3339132174447
"HHS Region 10","ili perc",3,2019-12-07,"quantile",0.8,2.50072380513965
"HHS Region 10","ili perc",3,2019-12-07,"quantile",0.85,2.82150922728888
"HHS Region 10","ili perc",3,2019-12-07,"quantile",0.9,3.13577558221699
"HHS Region 10","ili perc",3,2019-12-07,"quantile",0.95,3.52241955538651
"HHS Region 10","ili perc",3,2019-12-07,"quantile",0.975,4.73019347573339
"HHS Region 10","ili perc",3,2019-12-07,"quantile",0.99,5.0594205138668
"HHS Region 10","ili perc",4,2019-12-14,"quantile",0.01,1.23717029820642
"HHS Region 10","ili perc",4,2019-12-14,"quantile",0.025,1.27252762969933
"HHS Region 10","ili perc",4,2019-12-14,"quantile",0.05,1.33993610105109
"HHS Region 10","ili perc",4,2019-12-14,"quantile",0.1,1.45630364884314
"HHS Region 10","ili perc",4,2019-12-14,"quantile",0.15,1.64038560977536
"HHS Region 10","ili perc",4,2019-12-14,"quantile",0.2,1.80760487545347
"HHS Region 10","ili perc",4,2019-12-14,"quantile",0.25,1.8777695950819
"HHS Region 10","ili perc",4,2019-12-14,"quantile",0.3,1.95347706636665
"HHS Region 10","ili perc",4,2019-12-14,"quantile",0.35,2.08998072374927
"HHS Region 10","ili perc",4,2019-12-14,"quantile",0.4,2.16092457177734
"HHS Region 10","ili perc",4,2019-12-14,"quantile",0.45,2.2223037788093
"HHS Region 10","ili perc",4,2019-12-14,"quantile",0.5,2.27540038967129
"HHS Region 10","ili perc",4,2019-12-14,"quantile",0.55,2.33472573789072
"HHS Region 10","ili perc",4,2019-12-14,"quantile",0.6,2.46330939241006
"HHS Region 10","ili perc",4,2019-12-14,"quantile",0.65,2.52559434204722
"HHS Region 10","ili perc",4,2019-12-14,"quantile",0.7,2.69323630799823
"HHS Region 10","ili perc",4,2019-12-14,"quantile",0.75,2.91499736107004
"HHS Region 10","ili perc",4,2019-12-14,"quantile",0.8,2.96396645507236
"HHS Region 10","ili perc",4,2019-12-14,"quantile",0.85,3.11566191118002
"HHS Region 10","ili perc",4,2019-12-14,"quantile",0.9,3.50351529478706
"HHS Region 10","ili perc",4,2019-12-14,"quantile",0.95,4.79053587801486
"HHS Region 10","ili perc",4,2019-12-14,"quantile",0.975,5.23463428191053
"HHS Region 10","ili perc",4,2019-12-14,"quantile",0.99,6.72896489570934
"HHS Region 2","ili perc",1,2019-11-23,"quantile",0.01,2.10320076866438
"HHS Region 2","ili perc",1,2019-11-23,"quantile",0.025,2.22962905656849
"HHS Region 2","ili perc",1,2019-11-23,"quantile",0.05,2.54878538359088
"HHS Region 2","ili perc",1,2019-11-23,"quantile",0.1,2.65504569321482
"HHS Region 2","ili perc",1,2019-11-23,"quantile",0.15,2.75695286329149
"HHS Region 2","ili perc",1,2019-11-23,"quantile",0.2,2.83081484239477
"HHS Region 2","ili perc",1,2019-11-23,"quantile",0.25,2.855352286277
"HHS Region 2","ili perc",1,2019-11-23,"quantile",0.3,2.8955465444987
"HHS Region 2","ili perc",1,2019-11-23,"quantile",0.35,2.93618988195139
"HHS Region 2","ili perc",1,2019-11-23,"quantile",0.4,3.00270512785815
"HHS Region 2","ili perc",1,2019-11-23,"quantile",0.45,3.08066882974136
"HHS Region 2","ili perc",1,2019-11-23,"quantile",0.5,3.10325881991808
"HHS Region 2","ili perc",1,2019-11-23,"quantile",0.55,3.16387137027025
"HHS Region 2","ili perc",1,2019-11-23,"quantile",0.6,3.21877749540473
"HHS Region 2","ili perc",1,2019-11-23,"quantile",0.65,3.23985655408624
"HHS Region 2","ili perc",1,2019-11-23,"quantile",0.7,3.29273232167656
"HHS Region 2","ili perc",1,2019-11-23,"quantile",0.75,3.36147170788794
"HHS Region 2","ili perc",1,2019-11-23,"quantile",0.8,3.42508434942224
"HHS Region 2","ili perc",1,2019-11-23,"quantile",0.85,3.50223780688006
"HHS Region 2","ili perc",1,2019-11-23,"quantile",0.9,3.72744897704029
"HHS Region 2","ili perc",1,2019-11-23,"quantile",0.95,4.0564150798191
"HHS Region 2","ili perc",1,2019-11-23,"quantile",0.975,4.08420192189234
"HHS Region 2","ili perc",1,2019-11-23,"quantile",0.99,4.43034698056741
"HHS Region 2","ili perc",2,2019-11-30,"quantile",0.01,2.14353024210991
"HHS Region 2","ili perc",2,2019-11-30,"quantile",0.025,2.27064028561168
"HHS Region 2","ili perc",2,2019-11-30,"quantile",0.05,2.54008547006968
"HHS Region 2","ili perc",2,2019-11-30,"quantile",0.1,2.71733177784964
"HHS Region 2","ili perc",2,2019-11-30,"quantile",0.15,2.85277064163186
"HHS Region 2","ili perc",2,2019-11-30,"quantile",0.2,2.9775095150343
"HHS Region 2","ili perc",2,2019-11-30,"quantile",0.25,3.06155009634202
"HHS Region 2","ili perc",2,2019-11-30,"quantile",0.3,3.11433304495014
"HHS Region 2","ili perc",2,2019-11-30,"quantile",0.35,3.17054591276829
"HHS Region 2","ili perc",2,2019-11-30,"quantile",0.4,3.2375940626181
"HHS Region 2","ili perc",2,2019-11-30,"quantile",0.45,3.29720054069759
"HHS Region 2","ili perc",2,2019-11-30,"quantile",0.5,3.3978765134715
"HHS Region 2","ili perc",2,2019-11-30,"quantile",0.55,3.51693915702425
"HHS Region 2","ili perc",2,2019-11-30,"quantile",0.6,3.54479810022364
"HHS Region 2","ili perc",2,2019-11-30,"quantile",0.65,3.6551472091402
"HHS Region 2","ili perc",2,2019-11-30,"quantile",0.7,3.72919837566231
"HHS Region 2","ili perc",2,2019-11-30,"quantile",0.75,3.77099447937846
"HHS Region 2","ili perc",2,2019-11-30,"quantile",0.8,3.95251026117467
"HHS Region 2","ili perc",2,2019-11-30,"quantile",0.85,4.01583511012635
"HHS Region 2","ili perc",2,2019-11-30,"quantile",0.9,4.24153983005087
"HHS Region 2","ili perc",2,2019-11-30,"quantile",0.95,4.50991353050397
"HHS Region 2","ili perc",2,2019-11-30,"quantile",0.975,4.656420442099
"HHS Region 2","ili perc",2,2019-11-30,"quantile",0.99,4.85335439646061
"HHS Region 2","ili perc",3,2019-12-07,"quantile",0.01,2.30826110251593
"HHS Region 2","ili perc",3,2019-12-07,"quantile",0.025,2.75171134125402
"HHS Region 2","ili perc",3,2019-12-07,"quantile",0.05,2.89769454445869
"HHS Region 2","ili perc",3,2019-12-07,"quantile",0.1,3.06920213887347
"HHS Region 2","ili perc",3,2019-12-07,"quantile",0.15,3.1146744279417
"HHS Region 2","ili perc",3,2019-12-07,"quantile",0.2,3.17439211749495
"HHS Region 2","ili perc",3,2019-12-07,"quantile",0.25,3.32582401023998
"HHS Region 2","ili perc",3,2019-12-07,"quantile",0.3,3.46540581571602
"HHS Region 2","ili perc",3,2019-12-07,"quantile",0.35,3.52393763740828
"HHS Region 2","ili perc",3,2019-12-07,"quantile",0.4,3.5857455481285
"HHS Region 2","ili perc",3,2019-12-07,"quantile",0.45,3.63823925201322
"HHS Region 2","ili perc",3,2019-12-07,"quantile",0.5,3.72959840812092
"HHS Region 2","ili perc",3,2019-12-07,"quantile",0.55,3.92162613599147
"HHS Region 2","ili perc",3,2019-12-07,"quantile",0.6,4.03424989176335
"HHS Region 2","ili perc",3,2019-12-07,"quantile",0.65,4.10038613004837
"HHS Region 2","ili perc",3,2019-12-07,"quantile",0.7,4.23929106069166
"HHS Region 2","ili perc",3,2019-12-07,"quantile",0.75,4.39124983057619
"HHS Region 2","ili perc",3,2019-12-07,"quantile",0.8,4.55419744282372
"HHS Region 2","ili perc",3,2019-12-07,"quantile",0.85,4.6660834893814
"HHS Region 2","ili perc",3,2019-12-07,"quantile",0.9,4.7970662516305
"HHS Region 2","ili perc",3,2019-12-07,"quantile",0.95,5.17120077064706
"HHS Region 2","ili perc",3,2019-12-07,"quantile",0.975,5.18003762407805
"HHS Region 2","ili perc",3,2019-12-07,"quantile",0.99,5.33277394031958
"HHS Region 2","ili perc",4,2019-12-14,"quantile",0.01,2.60181526938859
"HHS Region 2","ili perc",4,2019-12-14,"quantile",0.025,2.67748407727776
"HHS Region 2","ili perc",4,2019-12-14,"quantile",0.05,2.8912610128837
"HHS Region 2","ili perc",4,2019-12-14,"quantile",0.1,3.13607824063979
"HHS Region 2","ili perc",4,2019-12-14,"quantile",0.15,3.22119264100208
"HHS Region 2","ili perc",4,2019-12-14,"quantile",0.2,3.2767822397851
"HHS Region 2","ili perc",4,2019-12-14,"quantile",0.25,3.47440763602781
"HHS Region 2","ili perc",4,2019-12-14,"quantile",0.3,3.61302856746176
"HHS Region 2","ili perc",4,2019-12-14,"quantile",0.35,3.67447209856027
"HHS Region 2","ili perc",4,2019-12-14,"quantile",0.4,3.75099065529232
"HHS Region 2","ili perc",4,2019-12-14,"quantile",0.45,3.85814977876974
"HHS Region 2","ili perc",4,2019-12-14,"quantile",0.5,3.94274095012513
"HHS Region 2","ili perc",4,2019-12-14,"quantile",0.55,4.08502983536988
"HHS Region 2","ili perc",4,2019-12-14,"quantile",0.6,4.15459047280315
"HHS Region 2","ili perc",4,2019-12-14,"quantile",0.65,4.23708703947286
"HHS Region 2","ili perc",4,2019-12-14,"quantile",0.7,4.44492257787047
"HHS Region 2","ili perc",4,2019-12-14,"quantile",0.75,4.58705310839184
"HHS Region 2","ili perc",4,2019-12-14,"quantile",0.8,4.7682727255715
"HHS Region 2","ili perc",4,2019-12-14,"quantile",0.85,4.90766875906903
"HHS Region 2","ili perc",4,2019-12-14,"quantile",0.9,4.99253422920186
"HHS Region 2","ili perc",4,2019-12-14,"quantile",0.95,5.09551931261165
"HHS Region 2","ili perc",4,2019-12-14,"quantile",0.975,5.51845523236107
"HHS Region 2","ili perc",4,2019-12-14,"quantile",0.99,6.43612827361806
"HHS Region 3","ili perc",1,2019-11-23,"quantile",0.01,1.6911394049133
"HHS Region 3","ili perc",1,2019-11-23,"quantile",0.025,1.77131465989675
"HHS Region 3","ili perc",1,2019-11-23,"quantile",0.05,1.91883630844974
"HHS Region 3","ili perc",1,2019-11-23,"quantile",0.1,2.02078684085276
"HHS Region 3","ili perc",1,2019-11-23,"quantile",0.15,2.05672896702031
"HHS Region 3","ili perc",1,2019-11-23,"quantile",0.2,2.11953019158021
"HHS Region 3","ili perc",1,2019-11-23,"quantile",0.25,2.15498269079376
"HHS Region 3","ili perc",1,2019-11-23,"quantile",0.3,2.18360203745212
"HHS Region 3","ili perc",1,2019-11-23,"quantile",0.35,2.22228751089924
"HHS Region 3","ili perc",1,2019-11-23,"quantile",0.4,2.26851471222937
"HHS Region 3","ili perc",1,2019-11-23,"quantile",0.45,2.30533865074053
"HHS Region 3","ili perc",1,2019-11-23,"quantile",0.5,2.34456509397864
"HHS Region 3","ili perc",1,2019-11-23,"quantile",0.55,2.38263038503456
"HHS Region 3","ili perc",1,2019-11-23,"quantile",0.6,2.39847971447133
"HHS Region 3","ili perc",1,2019-11-23,"quantile",0.65,2.43038735293739
"HHS Region 3","ili perc",1,2019-11-23,"quantile",0.7,2.48582264845621
"HHS Region 3","ili perc",1,2019-11-23,"quantile",0.75,2.57712139406099
"HHS Region 3","ili perc",1,2019-11-23,"quantile",0.8,2.61256570316593
"HHS Region 3","ili perc",1,2019-11-23,"quantile",0.85,2.63940874285683
"HHS Region 3","ili perc",1,2019-11-23,"quantile",0.9,2.71322116251543
"HHS Region 3","ili perc",1,2019-11-23,"quantile",0.95,2.88445027981474
"HHS Region 3","ili perc",1,2019-11-23,"quantile",0.975,3.44131547593552
"HHS Region 3","ili perc",1,2019-11-23,"quantile",0.99,3.60257569113252
"HHS Region 3","ili perc",2,2019-11-30,"quantile",0.01,1.80071904860809
"HHS Region 3","ili perc",2,2019-11-30,"quantile",0.025,1.84421108640674
"HHS Region 3","ili perc",2,2019-11-30,"quantile",0.05,1.89119063103875
"HHS Region 3","ili perc",2,2019-11-30,"quantile",0.1,2.05351891978738
"HHS Region 3","ili perc",2,2019-11-30,"quantile",0.15,2.16664066185234
"HHS Region 3","ili perc",2,2019-11-30,"quantile",0.2,2.2475430011041
"HHS Region 3","ili perc",2,2019-11-30,"quantile",0.25,2.29277440197069
"HHS Region 3","ili perc",2,2019-11-30,"quantile",0.3,2.3484226531709
"HHS Region 3","ili perc",2,2019-11-30,"quantile",0.35,2.40061810273316
"HHS Region 3","ili perc",2,2019-11-30,"quantile",0.4,2.44011531740096
"HHS Region 3","ili perc",2,2019-11-30,"quantile",0.45,2.47967420437219
"HHS Region 3","ili perc",2,2019-11-30,"quantile",0.5,2.50809739495005
"HHS Region 3","ili perc",2,2019-11-30,"quantile",0.55,2.57018072076839
"HHS Region 3","ili perc",2,2019-11-30,"quantile",0.6,2.61885447239013
"HHS Region 3","ili perc",2,2019-11-30,"quantile",0.65,2.7531494778222
"HHS Region 3","ili perc",2,2019-11-30,"quantile",0.7,2.81693943869122
"HHS Region 3","ili perc",2,2019-11-30,"quantile",0.75,2.83688238484139
"HHS Region 3","ili perc",2,2019-11-30,"quantile",0.8,2.88058360971993
"HHS Region 3","ili perc",2,2019-11-30,"quantile",0.85,3.06693745738465
"HHS Region 3","ili perc",2,2019-11-30,"quantile",0.9,3.22810053421482
"HHS Region 3","ili perc",2,2019-11-30,"quantile",0.95,3.64446514214051
"HHS Region 3","ili perc",2,2019-11-30,"quantile",0.975,3.8666216308261
"HHS Region 3","ili perc",2,2019-11-30,"quantile",0.99,4.37444802262237
"HHS Region 3","ili perc",3,2019-12-07,"quantile",0.01,1.93570009869295
"HHS Region 3","ili perc",3,2019-12-07,"quantile",0.025,2.12580784972302
"HHS Region 3","ili perc",3,2019-12-07,"quantile",0.05,2.24166172148413
"HHS Region 3","ili perc",3,2019-12-07,"quantile",0.1,2.32614351783947
"HHS Region 3","ili perc",3,2019-12-07,"quantile",0.15,2.41747644383363
"HHS Region 3","ili perc",3,2019-12-07,"quantile",0.2,2.54154060164173
"HHS Region 3","ili perc",3,2019-12-07,"quantile",0.25,2.60173377082887
"HHS Region 3","ili perc",3,2019-12-07,"quantile",0.3,2.63764575254993
"HHS Region 3","ili perc",3,2019-12-07,"quantile",0.35,2.69054502589092
"HHS Region 3","ili perc",3,2019-12-07,"quantile",0.4,2.74549554673985
"HHS Region 3","ili perc",3,2019-12-07,"quantile",0.45,2.77762157448149
"HHS Region 3","ili perc",3,2019-12-07,"quantile",0.5,2.83723809177685
"HHS Region 3","ili perc",3,2019-12-07,"quantile",0.55,2.93477687324901
"HHS Region 3","ili perc",3,2019-12-07,"quantile",0.6,2.99524749192117
"HHS Region 3","ili perc",3,2019-12-07,"quantile",0.65,3.05914076537938
"HHS Region 3","ili perc",3,2019-12-07,"quantile",0.7,3.13948128229661
"HHS Region 3","ili perc",3,2019-12-07,"quantile",0.75,3.30660050228689
"HHS Region 3","ili perc",3,2019-12-07,"quantile",0.8,3.42843441361268
"HHS Region 3","ili perc",3,2019-12-07,"quantile",0.85,3.54006860848973
"HHS Region 3","ili perc",3,2019-12-07,"quantile",0.9,3.74921838050762
"HHS Region 3","ili perc",3,2019-12-07,"quantile",0.95,4.50937468869344
"HHS Region 3","ili perc",3,2019-12-07,"quantile",0.975,4.94484621294481
"HHS Region 3","ili perc",3,2019-12-07,"quantile",0.99,5.2990410678629
"HHS Region 3","ili perc",4,2019-12-14,"quantile",0.01,2.32996523938593
"HHS Region 3","ili perc",4,2019-12-14,"quantile",0.025,2.41532443413535
"HHS Region 3","ili perc",4,2019-12-14,"quantile",0.05,2.74246318993244
"HHS Region 3","ili perc",4,2019-12-14,"quantile",0.1,2.88637757622425
"HHS Region 3","ili perc",4,2019-12-14,"quantile",0.15,2.95683074749116
"HHS Region 3","ili perc",4,2019-12-14,"quantile",0.2,3.13807952871674
"HHS Region 3","ili perc",4,2019-12-14,"quantile",0.25,3.2384193669075
"HHS Region 3","ili perc",4,2019-12-14,"quantile",0.3,3.31035196878685
"HHS Region 3","ili perc",4,2019-12-14,"quantile",0.35,3.38436036413096
"HHS Region 3","ili perc",4,2019-12-14,"quantile",0.4,3.52339007469977
"HHS Region 3","ili perc",4,2019-12-14,"quantile",0.45,3.59307874244628
"HHS Region 3","ili perc",4,2019-12-14,"quantile",0.5,3.6943283731418
"HHS Region 3","ili perc",4,2019-12-14,"quantile",0.55,3.75040657766397
"HHS Region 3","ili perc",4,2019-12-14,"quantile",0.6,3.86301881337776
"HHS Region 3","ili perc",4,2019-12-14,"quantile",0.65,4.0116241712922
"HHS Region 3","ili perc",4,2019-12-14,"quantile",0.7,4.1032772130319
"HHS Region 3","ili perc",4,2019-12-14,"quantile",0.75,4.36879373334513
"HHS Region 3","ili perc",4,2019-12-14,"quantile",0.8,4.48949182098746
"HHS Region 3","ili perc",4,2019-12-14,"quantile",0.85,4.57628739147993
"HHS Region 3","ili perc",4,2019-12-14,"quantile",0.9,4.83201791079756
"HHS Region 3","ili perc",4,2019-12-14,"quantile",0.95,5.35896428751798
"HHS Region 3","ili perc",4,2019-12-14,"quantile",0.975,5.63318503978522
"HHS Region 3","ili perc",4,2019-12-14,"quantile",0.99,6.79285015306762
"HHS Region 4","ili perc",1,2019-11-23,"quantile",0.01,2.84784158755339
"HHS Region 4","ili perc",1,2019-11-23,"quantile",0.025,2.93327460118392
"HHS Region 4","ili perc",1,2019-11-23,"quantile",0.05,3.03508634748272
"HHS Region 4","ili perc",1,2019-11-23,"quantile",0.1,3.14229851864802
"HHS Region 4","ili perc",1,2019-11-23,"quantile",0.15,3.23439177179915
"HHS Region 4","ili perc",1,2019-11-23,"quantile",0.2,3.26317609663228
"HHS Region 4","ili perc",1,2019-11-23,"quantile",0.25,3.29527183378215
"HHS Region 4","ili perc",1,2019-11-23,"quantile",0.3,3.3477982019386
"HHS Region 4","ili perc",1,2019-11-23,"quantile",0.35,3.40657151465747
"HHS Region 4","ili perc",1,2019-11-23,"quantile",0.4,3.42019088562045
"HHS Region 4","ili perc",1,2019-11-23,"quantile",0.45,3.43923143022653
"HHS Region 4","ili perc",1,2019-11-23,"quantile",0.5,3.45854283714701
"HHS Region 4","ili perc",1,2019-11-23,"quantile",0.55,3.48460155140341
"HHS Region 4","ili perc",1,2019-11-23,"quantile",0.6,3.535549396981
"HHS Region 4","ili perc",1,2019-11-23,"quantile",0.65,3.56906122904612
"HHS Region 4","ili perc",1,2019-11-23,"quantile",0.7,3.59355831574546
"HHS Region 4","ili perc",1,2019-11-23,"quantile",0.75,3.63910974058558
"HHS Region 4","ili perc",1,2019-11-23,"quantile",0.8,3.66377739182028
"HHS Region 4","ili perc",1,2019-11-23,"quantile",0.85,3.73908186900255
"HHS Region 4","ili perc",1,2019-11-23,"quantile",0.9,3.89363295845894
"HHS Region 4","ili perc",1,2019-11-23,"quantile",0.95,4.08749373369496
"HHS Region 4","ili perc",1,2019-11-23,"quantile",0.975,4.12954284429313
"HHS Region 4","ili perc",1,2019-11-23,"quantile",0.99,4.96885497986661
"HHS Region 4","ili perc",2,2019-11-30,"quantile",0.01,2.87993614680389
"HHS Region 4","ili perc",2,2019-11-30,"quantile",0.025,3.0619439351914
"HHS Region 4","ili perc",2,2019-11-30,"quantile",0.05,3.18378749325242
"HHS Region 4","ili perc",2,2019-11-30,"quantile",0.1,3.26015519134957
"HHS Region 4","ili perc",2,2019-11-30,"quantile",0.15,3.34939786976474
"HHS Region 4","ili perc",2,2019-11-30,"quantile",0.2,3.40338165551773
"HHS Region 4","ili perc",2,2019-11-30,"quantile",0.25,3.4618686275315
"HHS Region 4","ili perc",2,2019-11-30,"quantile",0.3,3.51632485594897
"HHS Region 4","ili perc",2,2019-11-30,"quantile",0.35,3.56845870481377
"HHS Region 4","ili perc",2,2019-11-30,"quantile",0.4,3.66910535732216
"HHS Region 4","ili perc",2,2019-11-30,"quantile",0.45,3.6990643606649
"HHS Region 4","ili perc",2,2019-11-30,"quantile",0.5,3.7549022814738
"HHS Region 4","ili perc",2,2019-11-30,"quantile",0.55,3.80611016984076
"HHS Region 4","ili perc",2,2019-11-30,"quantile",0.6,3.90998728470667
"HHS Region 4","ili perc",2,2019-11-30,"quantile",0.65,3.96125126750983
"HHS Region 4","ili perc",2,2019-11-30,"quantile",0.7,4.0184503902956
"HHS Region 4","ili perc",2,2019-11-30,"quantile",0.75,4.07907759809979
"HHS Region 4","ili perc",2,2019-11-30,"quantile",0.8,4.18619677148817
"HHS Region 4","ili perc",2,2019-11-30,"quantile",0.85,4.31975279565771
"HHS Region 4","ili perc",2,2019-11-30,"quantile",0.9,4.42339776019757
"HHS Region 4","ili perc",2,2019-11-30,"quantile",0.95,4.55711670616936
"HHS Region 4","ili perc",2,2019-11-30,"quantile",0.975,4.68875168603494
"HHS Region 4","ili perc",2,2019-11-30,"quantile",0.99,5.09047621318418
"HHS Region 4","ili perc",3,2019-12-07,"quantile",0.01,2.85813041615723
"HHS Region 4","ili perc",3,2019-12-07,"quantile",0.025,3.12980866925029
"HHS Region 4","ili perc",3,2019-12-07,"quantile",0.05,3.30580010814956
"HHS Region 4","ili perc",3,2019-12-07,"quantile",0.1,3.3724603543002
"HHS Region 4","ili perc",3,2019-12-07,"quantile",0.15,3.53702712680927
"HHS Region 4","ili perc",3,2019-12-07,"quantile",0.2,3.75727976159586
"HHS Region 4","ili perc",3,2019-12-07,"quantile",0.25,3.79433595808683
"HHS Region 4","ili perc",3,2019-12-07,"quantile",0.3,3.87453359994872
"HHS Region 4","ili perc",3,2019-12-07,"quantile",0.35,3.94427919632646
"HHS Region 4","ili perc",3,2019-12-07,"quantile",0.4,3.97916207224168
"HHS Region 4","ili perc",3,2019-12-07,"quantile",0.45,4.05369862598416
"HHS Region 4","ili perc",3,2019-12-07,"quantile",0.5,4.09734432783232
"HHS Region 4","ili perc",3,2019-12-07,"quantile",0.55,4.21834563184919
"HHS Region 4","ili perc",3,2019-12-07,"quantile",0.6,4.24795524879007
"HHS Region 4","ili perc",3,2019-12-07,"quantile",0.65,4.32226904230972
"HHS Region 4","ili perc",3,2019-12-07,"quantile",0.7,4.39930660406699
"HHS Region 4","ili perc",3,2019-12-07,"quantile",0.75,4.57446028310336
"HHS Region 4","ili perc",3,2019-12-07,"quantile",0.8,4.72234636865157
"HHS Region 4","ili perc",3,2019-12-07,"quantile",0.85,4.81240834502388
"HHS Region 4","ili perc",3,2019-12-07,"quantile",0.9,4.92374457723886
"HHS Region 4","ili perc",3,2019-12-07,"quantile",0.95,5.13214373314348
"HHS Region 4","ili perc",3,2019-12-07,"quantile",0.975,5.37362213293525
"HHS Region 4","ili perc",3,2019-12-07,"quantile",0.99,5.62317871813267
"HHS Region 4","ili perc",4,2019-12-14,"quantile",0.01,3.09633015539929
"HHS Region 4","ili perc",4,2019-12-14,"quantile",0.025,3.31781223454169
"HHS Region 4","ili perc",4,2019-12-14,"quantile",0.05,3.46362442067239
"HHS Region 4","ili perc",4,2019-12-14,"quantile",0.1,3.70244507256904
"HHS Region 4","ili perc",4,2019-12-14,"quantile",0.15,3.77505976820696
"HHS Region 4","ili perc",4,2019-12-14,"quantile",0.2,3.89873801073784
"HHS Region 4","ili perc",4,2019-12-14,"quantile",0.25,4.07944904634177
"HHS Region 4","ili perc",4,2019-12-14,"quantile",0.3,4.256520768923
"HHS Region 4","ili perc",4,2019-12-14,"quantile",0.35,4.35515320028878
"HHS Region 4","ili perc",4,2019-12-14,"quantile",0.4,4.51328393921645
"HHS Region 4","ili perc",4,2019-12-14,"quantile",0.45,4.60884827504111
"HHS Region 4","ili perc",4,2019-12-14,"quantile",0.5,4.67246777765333
"HHS Region 4","ili perc",4,2019-12-14,"quantile",0.55,4.73217107332241
"HHS Region 4","ili perc",4,2019-12-14,"quantile",0.6,4.77113434616761
"HHS Region 4","ili perc",4,2019-12-14,"quantile",0.65,4.8543310982307
"HHS Region 4","ili perc",4,2019-12-14,"quantile",0.7,4.91845047200075
"HHS Region 4","ili perc",4,2019-12-14,"quantile",0.75,5.07261504019088
"HHS Region 4","ili perc",4,2019-12-14,"quantile",0.8,5.19821641009956
"HHS Region 4","ili perc",4,2019-12-14,"quantile",0.85,5.36867495503648
"HHS Region 4","ili perc",4,2019-12-14,"quantile",0.9,5.56002121631874
"HHS Region 4","ili perc",4,2019-12-14,"quantile",0.95,5.83130635619598
"HHS Region 4","ili perc",4,2019-12-14,"quantile",0.975,6.09913209120641
"HHS Region 4","ili perc",4,2019-12-14,"quantile",0.99,6.15862916507484
"HHS Region 5","ili perc",1,2019-11-23,"quantile",0.01,1.34016225977792
"HHS Region 5","ili perc",1,2019-11-23,"quantile",0.025,1.4809487859326
"HHS Region 5","ili perc",1,2019-11-23,"quantile",0.05,1.54115791155557
"HHS Region 5","ili perc",1,2019-11-23,"quantile",0.1,1.66119939935703
"HHS Region 5","ili perc",1,2019-11-23,"quantile",0.15,1.70257667293276
"HHS Region 5","ili perc",1,2019-11-23,"quantile",0.2,1.74720358584297
"HHS Region 5","ili perc",1,2019-11-23,"quantile",0.25,1.78465101636122
"HHS Region 5","ili perc",1,2019-11-23,"quantile",0.3,1.80149604445916
"HHS Region 5","ili perc",1,2019-11-23,"quantile",0.35,1.8189436824259
"HHS Region 5","ili perc",1,2019-11-23,"quantile",0.4,1.85426577762998
"HHS Region 5","ili perc",1,2019-11-23,"quantile",0.45,1.8609736269864
"HHS Region 5","ili perc",1,2019-11-23,"quantile",0.5,1.88167328206074
"HHS Region 5","ili perc",1,2019-11-23,"quantile",0.55,1.88904795866879
"HHS Region 5","ili perc",1,2019-11-23,"quantile",0.6,1.90848473498245
"HHS Region 5","ili perc",1,2019-11-23,"quantile",0.65,1.94931172655212
"HHS Region 5","ili perc",1,2019-11-23,"quantile",0.7,1.96971145049593
"HHS Region 5","ili perc",1,2019-11-23,"quantile",0.75,1.99663678416793
"HHS Region 5","ili perc",1,2019-11-23,"quantile",0.8,2.01254086815819
"HHS Region 5","ili perc",1,2019-11-23,"quantile",0.85,2.05745672972469
"HHS Region 5","ili perc",1,2019-11-23,"quantile",0.9,2.11516163203018
"HHS Region 5","ili perc",1,2019-11-23,"quantile",0.95,2.22895431858587
"HHS Region 5","ili perc",1,2019-11-23,"quantile",0.975,2.87801862710235
"HHS Region 5","ili perc",1,2019-11-23,"quantile",0.99,2.94227425478385
"HHS Region 5","ili perc",2,2019-11-30,"quantile",0.01,1.53405151015569
"HHS Region 5","ili perc",2,2019-11-30,"quantile",0.025,1.58370116345125
"HHS Region 5","ili perc",2,2019-11-30,"quantile",0.05,1.70713110426504
"HHS Region 5","ili perc",2,2019-11-30,"quantile",0.1,1.81047993648066
"HHS Region 5","ili perc",2,2019-11-30,"quantile",0.15,1.89747589472857
"HHS Region 5","ili perc",2,2019-11-30,"quantile",0.2,1.9272844696672
"HHS Region 5","ili perc",2,2019-11-30,"quantile",0.25,1.93545395854931
"HHS Region 5","ili perc",2,2019-11-30,"quantile",0.3,1.99386516916432
"HHS Region 5","ili perc",2,2019-11-30,"quantile",0.35,2.03474411180787
"HHS Region 5","ili perc",2,2019-11-30,"quantile",0.4,2.05877430220069
"HHS Region 5","ili perc",2,2019-11-30,"quantile",0.45,2.12086017000284
"HHS Region 5","ili perc",2,2019-11-30,"quantile",0.5,2.20269446316842
"HHS Region 5","ili perc",2,2019-11-30,"quantile",0.55,2.25087450920305
"HHS Region 5","ili perc",2,2019-11-30,"quantile",0.6,2.27520592003574
"HHS Region 5","ili perc",2,2019-11-30,"quantile",0.65,2.32159073109455
"HHS Region 5","ili perc",2,2019-11-30,"quantile",0.7,2.37210112492564
"HHS Region 5","ili perc",2,2019-11-30,"quantile",0.75,2.42733433442911
"HHS Region 5","ili perc",2,2019-11-30,"quantile",0.8,2.53225724794577
"HHS Region 5","ili perc",2,2019-11-30,"quantile",0.85,2.60117796637459
"HHS Region 5","ili perc",2,2019-11-30,"quantile",0.9,2.9064858829503
"HHS Region 5","ili perc",2,2019-11-30,"quantile",0.95,3.14956576742585
"HHS Region 5","ili perc",2,2019-11-30,"quantile",0.975,3.41474619038474
"HHS Region 5","ili perc",2,2019-11-30,"quantile",0.99,3.48494847947233
"HHS Region 5","ili perc",3,2019-12-07,"quantile",0.01,1.71191817528202
"HHS Region 5","ili perc",3,2019-12-07,"quantile",0.025,1.92097155694514
"HHS Region 5","ili perc",3,2019-12-07,"quantile",0.05,2.10895827583748
"HHS Region 5","ili perc",3,2019-12-07,"quantile",0.1,2.23316256730207
"HHS Region 5","ili perc",3,2019-12-07,"quantile",0.15,2.30281175882491
"HHS Region 5","ili perc",3,2019-12-07,"quantile",0.2,2.39055182821321
"HHS Region 5","ili perc",3,2019-12-07,"quantile",0.25,2.43580695150257
"HHS Region 5","ili perc",3,2019-12-07,"quantile",0.3,2.47969168853646
"HHS Region 5","ili perc",3,2019-12-07,"quantile",0.35,2.50102251430516
"HHS Region 5","ili perc",3,2019-12-07,"quantile",0.4,2.57204615335896
"HHS Region 5","ili perc",3,2019-12-07,"quantile",0.45,2.62463198381952
"HHS Region 5","ili perc",3,2019-12-07,"quantile",0.5,2.69396965350237
"HHS Region 5","ili perc",3,2019-12-07,"quantile",0.55,2.74843467110923
"HHS Region 5","ili perc",3,2019-12-07,"quantile",0.6,2.76830917331873
"HHS Region 5","ili perc",3,2019-12-07,"quantile",0.65,2.80995646933478
"HHS Region 5","ili perc",3,2019-12-07,"quantile",0.7,2.86617590075632
"HHS Region 5","ili perc",3,2019-12-07,"quantile",0.75,2.94858731087254
"HHS Region 5","ili perc",3,2019-12-07,"quantile",0.8,3.0826112098875
"HHS Region 5","ili perc",3,2019-12-07,"quantile",0.85,3.15567105910305
"HHS Region 5","ili perc",3,2019-12-07,"quantile",0.9,3.32934579472664
"HHS Region 5","ili perc",3,2019-12-07,"quantile",0.95,3.76510669046271
"HHS Region 5","ili perc",3,2019-12-07,"quantile",0.975,3.89814298262437
"HHS Region 5","ili perc",3,2019-12-07,"quantile",0.99,3.96153816716346
"HHS Region 5","ili perc",4,2019-12-14,"quantile",0.01,1.95597739433822
"HHS Region 5","ili perc",4,2019-12-14,"quantile",0.025,2.00376953582482
"HHS Region 5","ili perc",4,2019-12-14,"quantile",0.05,2.16340977796404
"HHS Region 5","ili perc",4,2019-12-14,"quantile",0.1,2.45026550994373
"HHS Region 5","ili perc",4,2019-12-14,"quantile",0.15,2.55620369718449
"HHS Region 5","ili perc",4,2019-12-14,"quantile",0.2,2.65638685999581
"HHS Region 5","ili perc",4,2019-12-14,"quantile",0.25,2.73511370740782
"HHS Region 5","ili perc",4,2019-12-14,"quantile",0.3,2.8601728919538
"HHS Region 5","ili perc",4,2019-12-14,"quantile",0.35,2.92407277342031
"HHS Region 5","ili perc",4,2019-12-14,"quantile",0.4,2.96601782374624
"HHS Region 5","ili perc",4,2019-12-14,"quantile",0.45,3.0592216759665
"HHS Region 5","ili perc",4,2019-12-14,"quantile",0.5,3.14637366891653
"HHS Region 5","ili perc",4,2019-12-14,"quantile",0.55,3.17749560093242
"HHS Region 5","ili perc",4,2019-12-14,"quantile",0.6,3.22312884538127
"HHS Region 5","ili perc",4,2019-12-14,"quantile",0.65,3.27858674067426
"HHS Region 5","ili perc",4,2019-12-14,"quantile",0.7,3.32767507529541
"HHS Region 5","ili perc",4,2019-12-14,"quantile",0.75,3.41947596770158
"HHS Region 5","ili perc",4,2019-12-14,"quantile",0.8,3.51984082841819
"HHS Region 5","ili perc",4,2019-12-14,"quantile",0.85,3.7341199294036
"HHS Region 5","ili perc",4,2019-12-14,"quantile",0.9,4.00349076641558
"HHS Region 5","ili perc",4,2019-12-14,"quantile",0.95,4.18699169842285
"HHS Region 5","ili perc",4,2019-12-14,"quantile",0.975,4.68409833560654
"HHS Region 5","ili perc",4,2019-12-14,"quantile",0.99,4.9148484188327
"HHS Region 6","ili perc",1,2019-11-23,"quantile",0.01,4.3028724804725
"HHS Region 6","ili perc",1,2019-11-23,"quantile",0.025,4.34892209690438
"HHS Region 6","ili perc",1,2019-11-23,"quantile",0.05,4.42728937878226
"HHS Region 6","ili perc",1,2019-11-23,"quantile",0.1,4.6080952499789
"HHS Region 6","ili perc",1,2019-11-23,"quantile",0.15,4.69850669173842
"HHS Region 6","ili perc",1,2019-11-23,"quantile",0.2,4.76506239157376
"HHS Region 6","ili perc",1,2019-11-23,"quantile",0.25,4.83584725461936
"HHS Region 6","ili perc",1,2019-11-23,"quantile",0.3,4.89533558862902
"HHS Region 6","ili perc",1,2019-11-23,"quantile",0.35,4.99973965466662
"HHS Region 6","ili perc",1,2019-11-23,"quantile",0.4,5.06082985478119
"HHS Region 6","ili perc",1,2019-11-23,"quantile",0.45,5.15053592317782
"HHS Region 6","ili perc",1,2019-11-23,"quantile",0.5,5.29542941000284
"HHS Region 6","ili perc",1,2019-11-23,"quantile",0.55,5.36286299541659
"HHS Region 6","ili perc",1,2019-11-23,"quantile",0.6,5.4343861949733
"HHS Region 6","ili perc",1,2019-11-23,"quantile",0.65,5.47581375365133
"HHS Region 6","ili perc",1,2019-11-23,"quantile",0.7,5.5320465225383
"HHS Region 6","ili perc",1,2019-11-23,"quantile",0.75,5.59852203620122
"HHS Region 6","ili perc",1,2019-11-23,"quantile",0.8,5.76343344812417
"HHS Region 6","ili perc",1,2019-11-23,"quantile",0.85,5.89232449562944
"HHS Region 6","ili perc",1,2019-11-23,"quantile",0.9,6.16381355661524
"HHS Region 6","ili perc",1,2019-11-23,"quantile",0.95,6.65568487082207
"HHS Region 6","ili perc",1,2019-11-23,"quantile",0.975,7.94987039018075
"HHS Region 6","ili perc",1,2019-11-23,"quantile",0.99,8.68762948532861
"HHS Region 6","ili perc",2,2019-11-30,"quantile",0.01,3.98768422744545
"HHS Region 6","ili perc",2,2019-11-30,"quantile",0.025,4.12670401166672
"HHS Region 6","ili perc",2,2019-11-30,"quantile",0.05,4.21913720690121
"HHS Region 6","ili perc",2,2019-11-30,"quantile",0.1,4.51298754092482
"HHS Region 6","ili perc",2,2019-11-30,"quantile",0.15,4.67307621875137
"HHS Region 6","ili perc",2,2019-11-30,"quantile",0.2,4.77941470310773
"HHS Region 6","ili perc",2,2019-11-30,"quantile",0.25,4.9043535135214
"HHS Region 6","ili perc",2,2019-11-30,"quantile",0.3,5.06680108301302
"HHS Region 6","ili perc",2,2019-11-30,"quantile",0.35,5.18662600567687
"HHS Region 6","ili perc",2,2019-11-30,"quantile",0.4,5.30219529779922
"HHS Region 6","ili perc",2,2019-11-30,"quantile",0.45,5.37484560368972
"HHS Region 6","ili perc",2,2019-11-30,"quantile",0.5,5.43769076773624
"HHS Region 6","ili perc",2,2019-11-30,"quantile",0.55,5.53392456889188
"HHS Region 6","ili perc",2,2019-11-30,"quantile",0.6,5.62295249407914
"HHS Region 6","ili perc",2,2019-11-30,"quantile",0.65,5.78279577336977
"HHS Region 6","ili perc",2,2019-11-30,"quantile",0.7,5.91811836648218
"HHS Region 6","ili perc",2,2019-11-30,"quantile",0.75,6.21245074177131
"HHS Region 6","ili perc",2,2019-11-30,"quantile",0.8,6.32205334828609
"HHS Region 6","ili perc",2,2019-11-30,"quantile",0.85,6.43666512552089
"HHS Region 6","ili perc",2,2019-11-30,"quantile",0.9,7.10538060245224
"HHS Region 6","ili perc",2,2019-11-30,"quantile",0.95,7.74836092514431
"HHS Region 6","ili perc",2,2019-11-30,"quantile",0.975,8.66928356773615
"HHS Region 6","ili perc",2,2019-11-30,"quantile",0.99,9.61213608218205
"HHS Region 6","ili perc",3,2019-12-07,"quantile",0.01,4.48878516680585
"HHS Region 6","ili perc",3,2019-12-07,"quantile",0.025,4.57196591432897
"HHS Region 6","ili perc",3,2019-12-07,"quantile",0.05,4.67494524946876
"HHS Region 6","ili perc",3,2019-12-07,"quantile",0.1,4.80597092785601
"HHS Region 6","ili perc",3,2019-12-07,"quantile",0.15,5.00970259961829
"HHS Region 6","ili perc",3,2019-12-07,"quantile",0.2,5.30551890160745
"HHS Region 6","ili perc",3,2019-12-07,"quantile",0.25,5.46934493049558
"HHS Region 6","ili perc",3,2019-12-07,"quantile",0.3,5.79541070132614
"HHS Region 6","ili perc",3,2019-12-07,"quantile",0.35,6.0485827706817
"HHS Region 6","ili perc",3,2019-12-07,"quantile",0.4,6.16394141995531
"HHS Region 6","ili perc",3,2019-12-07,"quantile",0.45,6.30670123304432
"HHS Region 6","ili perc",3,2019-12-07,"quantile",0.5,6.40658395368489
"HHS Region 6","ili perc",3,2019-12-07,"quantile",0.55,6.5475112437324
"HHS Region 6","ili perc",3,2019-12-07,"quantile",0.6,6.6433803929932
"HHS Region 6","ili perc",3,2019-12-07,"quantile",0.65,6.8731520225517
"HHS Region 6","ili perc",3,2019-12-07,"quantile",0.7,7.19849592926825
"HHS Region 6","ili perc",3,2019-12-07,"quantile",0.75,7.44477115128202
"HHS Region 6","ili perc",3,2019-12-07,"quantile",0.8,7.65257320985958
"HHS Region 6","ili perc",3,2019-12-07,"quantile",0.85,7.98544503060498
"HHS Region 6","ili perc",3,2019-12-07,"quantile",0.9,8.42934928330324
"HHS Region 6","ili perc",3,2019-12-07,"quantile",0.95,9.56236989012383
"HHS Region 6","ili perc",3,2019-12-07,"quantile",0.975,9.97179874042623
"HHS Region 6","ili perc",3,2019-12-07,"quantile",0.99,10.4458654302298
"HHS Region 6","ili perc",4,2019-12-14,"quantile",0.01,4.77608296914507
"HHS Region 6","ili perc",4,2019-12-14,"quantile",0.025,4.91031164419555
"HHS Region 6","ili perc",4,2019-12-14,"quantile",0.05,5.3458820990126
"HHS Region 6","ili perc",4,2019-12-14,"quantile",0.1,5.51510802006873
"HHS Region 6","ili perc",4,2019-12-14,"quantile",0.15,5.80865255522556
"HHS Region 6","ili perc",4,2019-12-14,"quantile",0.2,6.12464636216478
"HHS Region 6","ili perc",4,2019-12-14,"quantile",0.25,6.49458160757503
"HHS Region 6","ili perc",4,2019-12-14,"quantile",0.3,6.5941655608201
"HHS Region 6","ili perc",4,2019-12-14,"quantile",0.35,6.67738163120922
"HHS Region 6","ili perc",4,2019-12-14,"quantile",0.4,6.79696042140095
"HHS Region 6","ili perc",4,2019-12-14,"quantile",0.45,6.91814723731742
"HHS Region 6","ili perc",4,2019-12-14,"quantile",0.5,7.09085260781541
"HHS Region 6","ili perc",4,2019-12-14,"quantile",0.55,7.23876425627323
"HHS Region 6","ili perc",4,2019-12-14,"quantile",0.6,7.48461875601648
"HHS Region 6","ili perc",4,2019-12-14,"quantile",0.65,7.74612135475057
"HHS Region 6","ili perc",4,2019-12-14,"quantile",0.7,8.04712196879944
"HHS Region 6","ili perc",4,2019-12-14,"quantile",0.75,8.29496924249777
"HHS Region 6","ili perc",4,2019-12-14,"quantile",0.8,8.77479370194235
"HHS Region 6","ili perc",4,2019-12-14,"quantile",0.85,9.13694791048373
"HHS Region 6","ili perc",4,2019-12-14,"quantile",0.9,9.96353184844951
"HHS Region 6","ili perc",4,2019-12-14,"quantile",0.95,10.659939654049
"HHS Region 6","ili perc",4,2019-12-14,"quantile",0.975,11.1630258099967
"HHS Region 6","ili perc",4,2019-12-14,"quantile",0.99,12.8766087121433
"HHS Region 7","ili perc",1,2019-11-23,"quantile",0.01,1.46559958280599
"HHS Region 7","ili perc",1,2019-11-23,"quantile",0.025,1.77583323947509
"HHS Region 7","ili perc",1,2019-11-23,"quantile",0.05,1.8822712535268
"HHS Region 7","ili perc",1,2019-11-23,"quantile",0.1,2.01530061139346
"HHS Region 7","ili perc",1,2019-11-23,"quantile",0.15,2.08184891897614
"HHS Region 7","ili perc",1,2019-11-23,"quantile",0.2,2.15176035714963
"HHS Region 7","ili perc",1,2019-11-23,"quantile",0.25,2.22882323048765
"HHS Region 7","ili perc",1,2019-11-23,"quantile",0.3,2.29503906510646
"HHS Region 7","ili perc",1,2019-11-23,"quantile",0.35,2.31906529911687
"HHS Region 7","ili perc",1,2019-11-23,"quantile",0.4,2.3628155529139
"HHS Region 7","ili perc",1,2019-11-23,"quantile",0.45,2.38107672155065
"HHS Region 7","ili perc",1,2019-11-23,"quantile",0.5,2.42074017221876
"HHS Region 7","ili perc",1,2019-11-23,"quantile",0.55,2.47059382991972
"HHS Region 7","ili perc",1,2019-11-23,"quantile",0.6,2.5004754274838
"HHS Region 7","ili perc",1,2019-11-23,"quantile",0.65,2.53592807898263
"HHS Region 7","ili perc",1,2019-11-23,"quantile",0.7,2.59262720134245
"HHS Region 7","ili perc",1,2019-11-23,"quantile",0.75,2.63229884633302
"HHS Region 7","ili perc",1,2019-11-23,"quantile",0.8,2.68682333372095
"HHS Region 7","ili perc",1,2019-11-23,"quantile",0.85,2.77911365124049
"HHS Region 7","ili perc",1,2019-11-23,"quantile",0.9,2.87241569701934
"HHS Region 7","ili perc",1,2019-11-23,"quantile",0.95,3.12989592133616
"HHS Region 7","ili perc",1,2019-11-23,"quantile",0.975,3.22998888847333
"HHS Region 7","ili perc",1,2019-11-23,"quantile",0.99,4.13713270417834
"HHS Region 7","ili perc",2,2019-11-30,"quantile",0.01,1.50246512029368
"HHS Region 7","ili perc",2,2019-11-30,"quantile",0.025,1.59424573199246
"HHS Region 7","ili perc",2,2019-11-30,"quantile",0.05,1.8703406374826
"HHS Region 7","ili perc",2,2019-11-30,"quantile",0.1,1.94585072628128
"HHS Region 7","ili perc",2,2019-11-30,"quantile",0.15,2.06519248770191
"HHS Region 7","ili perc",2,2019-11-30,"quantile",0.2,2.14362219635759
"HHS Region 7","ili perc",2,2019-11-30,"quantile",0.25,2.20650934308652
"HHS Region 7","ili perc",2,2019-11-30,"quantile",0.3,2.2783389507378
"HHS Region 7","ili perc",2,2019-11-30,"quantile",0.35,2.38431703060345
"HHS Region 7","ili perc",2,2019-11-30,"quantile",0.4,2.43202706707584
"HHS Region 7","ili perc",2,2019-11-30,"quantile",0.45,2.49144429512556
"HHS Region 7","ili perc",2,2019-11-30,"quantile",0.5,2.56988005107016
"HHS Region 7","ili perc",2,2019-11-30,"quantile",0.55,2.61037085300251
"HHS Region 7","ili perc",2,2019-11-30,"quantile",0.6,2.70041223642099
"HHS Region 7","ili perc",2,2019-11-30,"quantile",0.65,2.77232613558528
"HHS Region 7","ili perc",2,2019-11-30,"quantile",0.7,2.93662803020642
"HHS Region 7","ili perc",2,2019-11-30,"quantile",0.75,2.99911604131619
"HHS Region 7","ili perc",2,2019-11-30,"quantile",0.8,3.08366040073967
"HHS Region 7","ili perc",2,2019-11-30,"quantile",0.85,3.34827492772625
"HHS Region 7","ili perc",2,2019-11-30,"quantile",0.9,3.49531068731686
"HHS Region 7","ili perc",2,2019-11-30,"quantile",0.95,3.83115096366677
"HHS Region 7","ili perc",2,2019-11-30,"quantile",0.975,3.95585265526653
"HHS Region 7","ili perc",2,2019-11-30,"quantile",0.99,4.61179426259672
"HHS Region 7","ili perc",3,2019-12-07,"quantile",0.01,1.5038605364529
"HHS Region 7","ili perc",3,2019-12-07,"quantile",0.025,1.89527985889747
"HHS Region 7","ili perc",3,2019-12-07,"quantile",0.05,2.10722849847223
"HHS Region 7","ili perc",3,2019-12-07,"quantile",0.1,2.30644464369216
"HHS Region 7","ili perc",3,2019-12-07,"quantile",0.15,2.37417163306051
"HHS Region 7","ili perc",3,2019-12-07,"quantile",0.2,2.47902500318223
"HHS Region 7","ili perc",3,2019-12-07,"quantile",0.25,2.55723818232846
"HHS Region 7","ili perc",3,2019-12-07,"quantile",0.3,2.67569229996197
"HHS Region 7","ili perc",3,2019-12-07,"quantile",0.35,2.77037825097823
"HHS Region 7","ili perc",3,2019-12-07,"quantile",0.4,2.94719400959585
"HHS Region 7","ili perc",3,2019-12-07,"quantile",0.45,3.06446086305058
"HHS Region 7","ili perc",3,2019-12-07,"quantile",0.5,3.12059022434755
"HHS Region 7","ili perc",3,2019-12-07,"quantile",0.55,3.28692969407685
"HHS Region 7","ili perc",3,2019-12-07,"quantile",0.6,3.45595882264769
"HHS Region 7","ili perc",3,2019-12-07,"quantile",0.65,3.53357661967145
"HHS Region 7","ili perc",3,2019-12-07,"quantile",0.7,3.68932978683694
"HHS Region 7","ili perc",3,2019-12-07,"quantile",0.75,3.80750358232785
"HHS Region 7","ili perc",3,2019-12-07,"quantile",0.8,3.96797896380115
"HHS Region 7","ili perc",3,2019-12-07,"quantile",0.85,4.14382904114366
"HHS Region 7","ili perc",3,2019-12-07,"quantile",0.9,4.36912779246829
"HHS Region 7","ili perc",3,2019-12-07,"quantile",0.95,4.6271578807009
"HHS Region 7","ili perc",3,2019-12-07,"quantile",0.975,5.12992277529642
"HHS Region 7","ili perc",3,2019-12-07,"quantile",0.99,5.27845654659587
"HHS Region 7","ili perc",4,2019-12-14,"quantile",0.01,2.10011319966755
"HHS Region 7","ili perc",4,2019-12-14,"quantile",0.025,2.26691138909617
"HHS Region 7","ili perc",4,2019-12-14,"quantile",0.05,2.50110962194801
"HHS Region 7","ili perc",4,2019-12-14,"quantile",0.1,2.60572410670042
"HHS Region 7","ili perc",4,2019-12-14,"quantile",0.15,2.77722414091632
"HHS Region 7","ili perc",4,2019-12-14,"quantile",0.2,2.91702278445174
"HHS Region 7","ili perc",4,2019-12-14,"quantile",0.25,3.00943489381658
"HHS Region 7","ili perc",4,2019-12-14,"quantile",0.3,3.1494517767513
"HHS Region 7","ili perc",4,2019-12-14,"quantile",0.35,3.21557290085926
"HHS Region 7","ili perc",4,2019-12-14,"quantile",0.4,3.29978437758122
"HHS Region 7","ili perc",4,2019-12-14,"quantile",0.45,3.51847794350598
"HHS Region 7","ili perc",4,2019-12-14,"quantile",0.5,3.69142677136262
"HHS Region 7","ili perc",4,2019-12-14,"quantile",0.55,3.80727639913915
"HHS Region 7","ili perc",4,2019-12-14,"quantile",0.6,3.85713791791268
"HHS Region 7","ili perc",4,2019-12-14,"quantile",0.65,3.97112415031827
"HHS Region 7","ili perc",4,2019-12-14,"quantile",0.7,4.04401858280002
"HHS Region 7","ili perc",4,2019-12-14,"quantile",0.75,4.23558282694891
"HHS Region 7","ili perc",4,2019-12-14,"quantile",0.8,4.42875347989628
"HHS Region 7","ili perc",4,2019-12-14,"quantile",0.85,4.6831975219984
"HHS Region 7","ili perc",4,2019-12-14,"quantile",0.9,5.04193006225935
"HHS Region 7","ili perc",4,2019-12-14,"quantile",0.95,5.34487626273935
"HHS Region 7","ili perc",4,2019-12-14,"quantile",0.975,5.57502833228646
"HHS Region 7","ili perc",4,2019-12-14,"quantile",0.99,6.03113089021015
"HHS Region 8","ili perc",1,2019-11-23,"quantile",0.01,1.48226596981299
"HHS Region 8","ili perc",1,2019-11-23,"quantile",0.025,1.58249593130329
"HHS Region 8","ili perc",1,2019-11-23,"quantile",0.05,1.91461432458637
"HHS Region 8","ili perc",1,2019-11-23,"quantile",0.1,2.06449176065976
"HHS Region 8","ili perc",1,2019-11-23,"quantile",0.15,2.10283976587317
"HHS Region 8","ili perc",1,2019-11-23,"quantile",0.2,2.16098661759872
"HHS Region 8","ili perc",1,2019-11-23,"quantile",0.25,2.22680264686887
"HHS Region 8","ili perc",1,2019-11-23,"quantile",0.3,2.2957911022763
"HHS Region 8","ili perc",1,2019-11-23,"quantile",0.35,2.33834550164204
"HHS Region 8","ili perc",1,2019-11-23,"quantile",0.4,2.38188032321694
"HHS Region 8","ili perc",1,2019-11-23,"quantile",0.45,2.39997188909983
"HHS Region 8","ili perc",1,2019-11-23,"quantile",0.5,2.44127116980592
"HHS Region 8","ili perc",1,2019-11-23,"quantile",0.55,2.4654227333335
"HHS Region 8","ili perc",1,2019-11-23,"quantile",0.6,2.51274085072718
"HHS Region 8","ili perc",1,2019-11-23,"quantile",0.65,2.52813452316415
"HHS Region 8","ili perc",1,2019-11-23,"quantile",0.7,2.56597406129967
"HHS Region 8","ili perc",1,2019-11-23,"quantile",0.75,2.62567173175878
"HHS Region 8","ili perc",1,2019-11-23,"quantile",0.8,2.68427443884265
"HHS Region 8","ili perc",1,2019-11-23,"quantile",0.85,2.7173102554572
"HHS Region 8","ili perc",1,2019-11-23,"quantile",0.9,2.94187693793517
"HHS Region 8","ili perc",1,2019-11-23,"quantile",0.95,3.04373971350544
"HHS Region 8","ili perc",1,2019-11-23,"quantile",0.975,3.21553454663658
"HHS Region 8","ili perc",1,2019-11-23,"quantile",0.99,3.82550922092337
"HHS Region 8","ili perc",2,2019-11-30,"quantile",0.01,1.61431070302227
"HHS Region 8","ili perc",2,2019-11-30,"quantile",0.025,1.78923003952409
"HHS Region 8","ili perc",2,2019-11-30,"quantile",0.05,1.91054563818951
"HHS Region 8","ili perc",2,2019-11-30,"quantile",0.1,2.11542597857571
"HHS Region 8","ili perc",2,2019-11-30,"quantile",0.15,2.19048862731895
"HHS Region 8","ili perc",2,2019-11-30,"quantile",0.2,2.27455133503917
"HHS Region 8","ili perc",2,2019-11-30,"quantile",0.25,2.33927989236721
"HHS Region 8","ili perc",2,2019-11-30,"quantile",0.3,2.42222444864802
"HHS Region 8","ili perc",2,2019-11-30,"quantile",0.35,2.50700042680146
"HHS Region 8","ili perc",2,2019-11-30,"quantile",0.4,2.54425002236943
"HHS Region 8","ili perc",2,2019-11-30,"quantile",0.45,2.57071397040339
"HHS Region 8","ili perc",2,2019-11-30,"quantile",0.5,2.62651590892368
"HHS Region 8","ili perc",2,2019-11-30,"quantile",0.55,2.66568233585188
"HHS Region 8","ili perc",2,2019-11-30,"quantile",0.6,2.69954975721688
"HHS Region 8","ili perc",2,2019-11-30,"quantile",0.65,2.75668768344303
"HHS Region 8","ili perc",2,2019-11-30,"quantile",0.7,2.79323939021057
"HHS Region 8","ili perc",2,2019-11-30,"quantile",0.75,2.8806209115568
"HHS Region 8","ili perc",2,2019-11-30,"quantile",0.8,2.96562901107597
"HHS Region 8","ili perc",2,2019-11-30,"quantile",0.85,3.14592377732501
"HHS Region 8","ili perc",2,2019-11-30,"quantile",0.9,3.30734511436114
"HHS Region 8","ili perc",2,2019-11-30,"quantile",0.95,3.43898115136385
"HHS Region 8","ili perc",2,2019-11-30,"quantile",0.975,4.07281284190557
"HHS Region 8","ili perc",2,2019-11-30,"quantile",0.99,4.15171180700469
"HHS Region 8","ili perc",3,2019-12-07,"quantile",0.01,1.54746172820272
"HHS Region 8","ili perc",3,2019-12-07,"quantile",0.025,1.83199854555927
"HHS Region 8","ili perc",3,2019-12-07,"quantile",0.05,2.04293743633463
"HHS Region 8","ili perc",3,2019-12-07,"quantile",0.1,2.18529968150512
"HHS Region 8","ili perc",3,2019-12-07,"quantile",0.15,2.27114097048725
"HHS Region 8","ili perc",3,2019-12-07,"quantile",0.2,2.3786926194116
"HHS Region 8","ili perc",3,2019-12-07,"quantile",0.25,2.46185164243625
"HHS Region 8","ili perc",3,2019-12-07,"quantile",0.3,2.53379862540004
"HHS Region 8","ili perc",3,2019-12-07,"quantile",0.35,2.59877884215221
"HHS Region 8","ili perc",3,2019-12-07,"quantile",0.4,2.73114447710566
"HHS Region 8","ili perc",3,2019-12-07,"quantile",0.45,2.77995456872592
"HHS Region 8","ili perc",3,2019-12-07,"quantile",0.5,2.86969259617776
"HHS Region 8","ili perc",3,2019-12-07,"quantile",0.55,2.94312669846238
"HHS Region 8","ili perc",3,2019-12-07,"quantile",0.6,3.0296957156464
"HHS Region 8","ili perc",3,2019-12-07,"quantile",0.65,3.10042693463502
"HHS Region 8","ili perc",3,2019-12-07,"quantile",0.7,3.21060165222735
"HHS Region 8","ili perc",3,2019-12-07,"quantile",0.75,3.29588420597513
"HHS Region 8","ili perc",3,2019-12-07,"quantile",0.8,3.39451924970706
"HHS Region 8","ili perc",3,2019-12-07,"quantile",0.85,3.47753819509466
"HHS Region 8","ili perc",3,2019-12-07,"quantile",0.9,3.5815026375305
"HHS Region 8","ili perc",3,2019-12-07,"quantile",0.95,3.88537917081483
"HHS Region 8","ili perc",3,2019-12-07,"quantile",0.975,4.45345447362302
"HHS Region 8","ili perc",3,2019-12-07,"quantile",0.99,4.78415942079477
"HHS Region 8","ili perc",4,2019-12-14,"quantile",0.01,1.67332705691304
"HHS Region 8","ili perc",4,2019-12-14,"quantile",0.025,1.80587928001215
"HHS Region 8","ili perc",4,2019-12-14,"quantile",0.05,2.04277971748424
"HHS Region 8","ili perc",4,2019-12-14,"quantile",0.1,2.12518906929396
"HHS Region 8","ili perc",4,2019-12-14,"quantile",0.15,2.33050859111337
"HHS Region 8","ili perc",4,2019-12-14,"quantile",0.2,2.63645050569546
"HHS Region 8","ili perc",4,2019-12-14,"quantile",0.25,2.74019851716859
"HHS Region 8","ili perc",4,2019-12-14,"quantile",0.3,2.82333582834775
"HHS Region 8","ili perc",4,2019-12-14,"quantile",0.35,2.93785393936228
"HHS Region 8","ili perc",4,2019-12-14,"quantile",0.4,3.05555112620372
"HHS Region 8","ili perc",4,2019-12-14,"quantile",0.45,3.12472259964718
"HHS Region 8","ili perc",4,2019-12-14,"quantile",0.5,3.17953586752672
"HHS Region 8","ili perc",4,2019-12-14,"quantile",0.55,3.2328565124925
"HHS Region 8","ili perc",4,2019-12-14,"quantile",0.6,3.3429104896553
"HHS Region 8","ili perc",4,2019-12-14,"quantile",0.65,3.44962134482838
"HHS Region 8","ili perc",4,2019-12-14,"quantile",0.7,3.48026718361627
"HHS Region 8","ili perc",4,2019-12-14,"quantile",0.75,3.59121796405187
"HHS Region 8","ili perc",4,2019-12-14,"quantile",0.8,3.70366480278695
"HHS Region 8","ili perc",4,2019-12-14,"quantile",0.85,3.86952573554582
"HHS Region 8","ili perc",4,2019-12-14,"quantile",0.9,4.00644591773242
"HHS Region 8","ili perc",4,2019-12-14,"quantile",0.95,4.46525470498903
"HHS Region 8","ili perc",4,2019-12-14,"quantile",0.975,5.21910420704178
"HHS Region 8","ili perc",4,2019-12-14,"quantile",0.99,5.5478394931542
"HHS Region 9","ili perc",1,2019-11-23,"quantile",0.01,2.00567287894837
"HHS Region 9","ili perc",1,2019-11-23,"quantile",0.025,2.09963773545351
"HHS Region 9","ili perc",1,2019-11-23,"quantile",0.05,2.37484601112991
"HHS Region 9","ili perc",1,2019-11-23,"quantile",0.1,2.45723308139455
"HHS Region 9","ili perc",1,2019-11-23,"quantile",0.15,2.65460111154518
"HHS Region 9","ili perc",1,2019-11-23,"quantile",0.2,2.68695422021254
"HHS Region 9","ili perc",1,2019-11-23,"quantile",0.25,2.73242800415616
"HHS Region 9","ili perc",1,2019-11-23,"quantile",0.3,2.75652746246522
"HHS Region 9","ili perc",1,2019-11-23,"quantile",0.35,2.79390435227176
"HHS Region 9","ili perc",1,2019-11-23,"quantile",0.4,2.84989693883713
"HHS Region 9","ili perc",1,2019-11-23,"quantile",0.45,2.87747679571274
"HHS Region 9","ili perc",1,2019-11-23,"quantile",0.5,2.89764402645012
"HHS Region 9","ili perc",1,2019-11-23,"quantile",0.55,2.92096675414116
"HHS Region 9","ili perc",1,2019-11-23,"quantile",0.6,2.96125365875185
"HHS Region 9","ili perc",1,2019-11-23,"quantile",0.65,3.01723520917573
"HHS Region 9","ili perc",1,2019-11-23,"quantile",0.7,3.07695646695543
"HHS Region 9","ili perc",1,2019-11-23,"quantile",0.75,3.11969437239659
"HHS Region 9","ili perc",1,2019-11-23,"quantile",0.8,3.16938691750137
"HHS Region 9","ili perc",1,2019-11-23,"quantile",0.85,3.21601065330167
"HHS Region 9","ili perc",1,2019-11-23,"quantile",0.9,3.32333019805209
"HHS Region 9","ili perc",1,2019-11-23,"quantile",0.95,3.47663791258152
"HHS Region 9","ili perc",1,2019-11-23,"quantile",0.975,3.70854557194033
"HHS Region 9","ili perc",1,2019-11-23,"quantile",0.99,4.03681810939678
"HHS Region 9","ili perc",2,2019-11-30,"quantile",0.01,1.98069392993916
"HHS Region 9","ili perc",2,2019-11-30,"quantile",0.025,2.17907513607034
"HHS Region 9","ili perc",2,2019-11-30,"quantile",0.05,2.27413679026252
"HHS Region 9","ili perc",2,2019-11-30,"quantile",0.1,2.56615069132114
"HHS Region 9","ili perc",2,2019-11-30,"quantile",0.15,2.7029582861962
"HHS Region 9","ili perc",2,2019-11-30,"quantile",0.2,2.75863094811674
"HHS Region 9","ili perc",2,2019-11-30,"quantile",0.25,2.8631377733533
"HHS Region 9","ili perc",2,2019-11-30,"quantile",0.3,2.95654099993379
"HHS Region 9","ili perc",2,2019-11-30,"quantile",0.35,3.00836111370365
"HHS Region 9","ili perc",2,2019-11-30,"quantile",0.4,3.07757253464802
"HHS Region 9","ili perc",2,2019-11-30,"quantile",0.45,3.12619328755773
"HHS Region 9","ili perc",2,2019-11-30,"quantile",0.5,3.18204108237687
"HHS Region 9","ili perc",2,2019-11-30,"quantile",0.55,3.26276615676669
"HHS Region 9","ili perc",2,2019-11-30,"quantile",0.6,3.27796652964032
"HHS Region 9","ili perc",2,2019-11-30,"quantile",0.65,3.38082717995798
"HHS Region 9","ili perc",2,2019-11-30,"quantile",0.7,3.45114472569256
"HHS Region 9","ili perc",2,2019-11-30,"quantile",0.75,3.5019433524304
"HHS Region 9","ili perc",2,2019-11-30,"quantile",0.8,3.57185612277249
"HHS Region 9","ili perc",2,2019-11-30,"quantile",0.85,3.75524056975883
"HHS Region 9","ili perc",2,2019-11-30,"quantile",0.9,4.04285982785466
"HHS Region 9","ili perc",2,2019-11-30,"quantile",0.95,4.36368051458506
"HHS Region 9","ili perc",2,2019-11-30,"quantile",0.975,4.76255187093021
"HHS Region 9","ili perc",2,2019-11-30,"quantile",0.99,5.02561027424428
"HHS Region 9","ili perc",3,2019-12-07,"quantile",0.01,2.56680618528361
"HHS Region 9","ili perc",3,2019-12-07,"quantile",0.025,2.59795990598218
"HHS Region 9","ili perc",3,2019-12-07,"quantile",0.05,2.76496333145681
"HHS Region 9","ili perc",3,2019-12-07,"quantile",0.1,3.01498193208595
"HHS Region 9","ili perc",3,2019-12-07,"quantile",0.15,3.17135137140734
"HHS Region 9","ili perc",3,2019-12-07,"quantile",0.2,3.33882123153847
"HHS Region 9","ili perc",3,2019-12-07,"quantile",0.25,3.44790277338327
"HHS Region 9","ili perc",3,2019-12-07,"quantile",0.3,3.56405834241152
"HHS Region 9","ili perc",3,2019-12-07,"quantile",0.35,3.60866965267397
"HHS Region 9","ili perc",3,2019-12-07,"quantile",0.4,3.71462634110555
"HHS Region 9","ili perc",3,2019-12-07,"quantile",0.45,3.78728115525478
"HHS Region 9","ili perc",3,2019-12-07,"quantile",0.5,3.85366714128241
"HHS Region 9","ili perc",3,2019-12-07,"quantile",0.55,3.93196273236266
"HHS Region 9","ili perc",3,2019-12-07,"quantile",0.6,3.9722704330432
"HHS Region 9","ili perc",3,2019-12-07,"quantile",0.65,4.0691148236555
"HHS Region 9","ili perc",3,2019-12-07,"quantile",0.7,4.22407946924439
"HHS Region 9","ili perc",3,2019-12-07,"quantile",0.75,4.42681731575231
"HHS Region 9","ili perc",3,2019-12-07,"quantile",0.8,4.55792497629443
"HHS Region 9","ili perc",3,2019-12-07,"quantile",0.85,4.69565915892639
"HHS Region 9","ili perc",3,2019-12-07,"quantile",0.9,4.89180023774857
"HHS Region 9","ili perc",3,2019-12-07,"quantile",0.95,5.19513360536343
"HHS Region 9","ili perc",3,2019-12-07,"quantile",0.975,5.68750826728908
"HHS Region 9","ili perc",3,2019-12-07,"quantile",0.99,5.80855202420801
"HHS Region 9","ili perc",4,2019-12-14,"quantile",0.01,3.07481788551673
"HHS Region 9","ili perc",4,2019-12-14,"quantile",0.025,3.10025431230562
"HHS Region 9","ili perc",4,2019-12-14,"quantile",0.05,3.15900496020864
"HHS Region 9","ili perc",4,2019-12-14,"quantile",0.1,3.37702339623528
"HHS Region 9","ili perc",4,2019-12-14,"quantile",0.15,3.62393832485934
"HHS Region 9","ili perc",4,2019-12-14,"quantile",0.2,3.72353283826057
"HHS Region 9","ili perc",4,2019-12-14,"quantile",0.25,3.92734882317989
"HHS Region 9","ili perc",4,2019-12-14,"quantile",0.3,4.09048922829551
"HHS Region 9","ili perc",4,2019-12-14,"quantile",0.35,4.19274917253703
"HHS Region 9","ili perc",4,2019-12-14,"quantile",0.4,4.29587334828044
"HHS Region 9","ili perc",4,2019-12-14,"quantile",0.45,4.3972542670339
"HHS Region 9","ili perc",4,2019-12-14,"quantile",0.5,4.53460231443355
"HHS Region 9","ili perc",4,2019-12-14,"quantile",0.55,4.62654009104886
"HHS Region 9","ili perc",4,2019-12-14,"quantile",0.6,4.70197016382375
"HHS Region 9","ili perc",4,2019-12-14,"quantile",0.65,4.8578643060058
"HHS Region 9","ili perc",4,2019-12-14,"quantile",0.7,4.97719150976823
"HHS Region 9","ili perc",4,2019-12-14,"quantile",0.75,5.03001956499214
"HHS Region 9","ili perc",4,2019-12-14,"quantile",0.8,5.14967159665681
"HHS Region 9","ili perc",4,2019-12-14,"quantile",0.85,5.43184801744074
"HHS Region 9","ili perc",4,2019-12-14,"quantile",0.9,5.62409578237606
"HHS Region 9","ili perc",4,2019-12-14,"quantile",0.95,5.99518072020902
"HHS Region 9","ili perc",4,2019-12-14,"quantile",0.975,6.41065572329279
"HHS Region 9","ili perc",4,2019-12-14,"quantile",0.99,6.94273786098472
"US National","ili perc",1,2019-11-23,"quantile",0.01,2.65683816748398
"US National","ili perc",1,2019-11-23,"quantile",0.025,2.6826486600053
"US National","ili perc",1,2019-11-23,"quantile",0.05,2.75281361380976
"US National","ili perc",1,2019-11-23,"quantile",0.1,2.79036568750855
"US National","ili perc",1,2019-11-23,"quantile",0.15,2.80440428183379
"US National","ili perc",1,2019-11-23,"quantile",0.2,2.84102989019525
"US National","ili perc",1,2019-11-23,"quantile",0.25,2.88421614867163
"US National","ili perc",1,2019-11-23,"quantile",0.3,2.91335035780268
"US National","ili perc",1,2019-11-23,"quantile",0.35,2.92544506012784
"US National","ili perc",1,2019-11-23,"quantile",0.4,2.94398398507259
"US National","ili perc",1,2019-11-23,"quantile",0.45,2.96084956642763
"US National","ili perc",1,2019-11-23,"quantile",0.5,2.9790095655815
"US National","ili perc",1,2019-11-23,"quantile",0.55,2.99872262040921
"US National","ili perc",1,2019-11-23,"quantile",0.6,3.02765320550965
"US National","ili perc",1,2019-11-23,"quantile",0.65,3.03684403865138
"US National","ili perc",1,2019-11-23,"quantile",0.7,3.04654147833019
"US National","ili perc",1,2019-11-23,"quantile",0.75,3.07115083248075
"US National","ili perc",1,2019-11-23,"quantile",0.8,3.13284099245177
"US National","ili perc",1,2019-11-23,"quantile",0.85,3.15219428790561
"US National","ili perc",1,2019-11-23,"quantile",0.9,3.3357279278186
"US National","ili perc",1,2019-11-23,"quantile",0.95,3.44480875032112
"US National","ili perc",1,2019-11-23,"quantile",0.975,3.93104405022546
"US National","ili perc",1,2019-11-23,"quantile",0.99,4.03285264846737
"US National","ili perc",2,2019-11-30,"quantile",0.01,2.66692533338638
"US National","ili perc",2,2019-11-30,"quantile",0.025,2.73269980062487
"US National","ili perc",2,2019-11-30,"quantile",0.05,2.7858941311099
"US National","ili perc",2,2019-11-30,"quantile",0.1,2.86036641821315
"US National","ili perc",2,2019-11-30,"quantile",0.15,2.96364546958372
"US National","ili perc",2,2019-11-30,"quantile",0.2,2.99789242295474
"US National","ili perc",2,2019-11-30,"quantile",0.25,3.01215016139492
"US National","ili perc",2,2019-11-30,"quantile",0.3,3.04854934986369
"US National","ili perc",2,2019-11-30,"quantile",0.35,3.13505864404451
"US National","ili perc",2,2019-11-30,"quantile",0.4,3.1827846697899
"US National","ili perc",2,2019-11-30,"quantile",0.45,3.20656258517888
"US National","ili perc",2,2019-11-30,"quantile",0.5,3.24058397982578
"US National","ili perc",2,2019-11-30,"quantile",0.55,3.27495389569546
"US National","ili perc",2,2019-11-30,"quantile",0.6,3.33382777875056
"US National","ili perc",2,2019-11-30,"quantile",0.65,3.38550320016279
"US National","ili perc",2,2019-11-30,"quantile",0.7,3.45821291422704
"US National","ili perc",2,2019-11-30,"quantile",0.75,3.50332524094892
"US National","ili perc",2,2019-11-30,"quantile",0.8,3.53807004740117
"US National","ili perc",2,2019-11-30,"quantile",0.85,3.66905481894867
"US National","ili perc",2,2019-11-30,"quantile",0.9,3.7887026562532
"US National","ili perc",2,2019-11-30,"quantile",0.95,4.17026600179561
"US National","ili perc",2,2019-11-30,"quantile",0.975,4.41625283595197
"US National","ili perc",2,2019-11-30,"quantile",0.99,4.4601112913644
"US National","ili perc",3,2019-12-07,"quantile",0.01,2.81726398773903
"US National","ili perc",3,2019-12-07,"quantile",0.025,3.00939385064959
"US National","ili perc",3,2019-12-07,"quantile",0.05,3.16417061443111
"US National","ili perc",3,2019-12-07,"quantile",0.1,3.26550838022564
"US National","ili perc",3,2019-12-07,"quantile",0.15,3.30364926464026
"US National","ili perc",3,2019-12-07,"quantile",0.2,3.36923644257235
"US National","ili perc",3,2019-12-07,"quantile",0.25,3.44229243782907
"US National","ili perc",3,2019-12-07,"quantile",0.3,3.53613408227804
"US National","ili perc",3,2019-12-07,"quantile",0.35,3.59770842921523
"US National","ili perc",3,2019-12-07,"quantile",0.4,3.63168452633912
"US National","ili perc",3,2019-12-07,"quantile",0.45,3.66577398013598
"US National","ili perc",3,2019-12-07,"quantile",0.5,3.7537965675645
"US National","ili perc",3,2019-12-07,"quantile",0.55,3.85828713016429
"US National","ili perc",3,2019-12-07,"quantile",0.6,3.90510722796882
"US National","ili perc",3,2019-12-07,"quantile",0.65,3.95091839045081
"US National","ili perc",3,2019-12-07,"quantile",0.7,4.01871823671655
"US National","ili perc",3,2019-12-07,"quantile",0.75,4.08890182390194
"US National","ili perc",3,2019-12-07,"quantile",0.8,4.1555913183097
"US National","ili perc",3,2019-12-07,"quantile",0.85,4.36346965048903
"US National","ili perc",3,2019-12-07,"quantile",0.9,4.55990692178448
"US National","ili perc",3,2019-12-07,"quantile",0.95,4.94243555699695
"US National","ili perc",3,2019-12-07,"quantile",0.975,5.05084438265816
"US National","ili perc",3,2019-12-07,"quantile",0.99,5.08507549281466
"US National","ili perc",4,2019-12-14,"quantile",0.01,3.06836164140664
"US National","ili perc",4,2019-12-14,"quantile",0.025,3.15682968246348
"US National","ili perc",4,2019-12-14,"quantile",0.05,3.43989611332044
"US National","ili perc",4,2019-12-14,"quantile",0.1,3.59626578049723
"US National","ili perc",4,2019-12-14,"quantile",0.15,3.68084203106711
"US National","ili perc",4,2019-12-14,"quantile",0.2,3.74153814190849
"US National","ili perc",4,2019-12-14,"quantile",0.25,3.80479813995032
"US National","ili perc",4,2019-12-14,"quantile",0.3,3.90194494262347
"US National","ili perc",4,2019-12-14,"quantile",0.35,3.9889082212387
"US National","ili perc",4,2019-12-14,"quantile",0.4,4.14887050280378
"US National","ili perc",4,2019-12-14,"quantile",0.45,4.22271717346551
"US National","ili perc",4,2019-12-14,"quantile",0.5,4.26101535129012
"US National","ili perc",4,2019-12-14,"quantile",0.55,4.34730940636932
"US National","ili perc",4,2019-12-14,"quantile",0.6,4.4865904854641
"US National","ili perc",4,2019-12-14,"quantile",0.65,4.56418555534964
"US National","ili perc",4,2019-12-14,"quantile",0.7,4.6264040774723
"US National","ili perc",4,2019-12-14,"quantile",0.75,4.70841447446249
"US National","ili perc",4,2019-12-14,"quantile",0.8,4.78327410095948
"US National","ili perc",4,2019-12-14,"quantile",0.85,4.92858806810943
"US National","ili perc",4,2019-12-14,"quantile",0.9,5.32411323240793
"US National","ili perc",4,2019-12-14,"quantile",0.95,5.58784186454019
"US National","ili perc",4,2019-12-14,"quantile",0.975,5.876591121068
"US National","ili perc",4,2019-12-14,"quantile",0.99,6.2898946855746
